ItemCode,ITEM,EAN,Qty,RRP,Price  (Â£),NEW,ORDER,TOTAL VALUE,search_number
01-4711-OG-CS300,4711 ORIGINAL EDC-S 300ML,4011700740055,1000+,24.0,9.95,,,0.0,913912
01-AF-FIB-PS100,ABERCROMBIE & FITCH FIRST INSTINCT BLUE EDP-S 100ML,085715167224,1000+,68.0,12.95,,,0.0,6379692.0
01-AFN-9AM-PS100,AFNAN 9AM POUR FEMME EDP-S 100ML,6290171072591,122,35.0,14.5,,,0.0,NA
01-AFN-STR-PS90,AFNAN SUPREMACY TAPAIS ROUGE EXTRAIT DE PARFUM 90ML,6290171073949,17,50.0,21.95,,,0.0,NA
01-AGP-AP-PS200,AGENT PROVOCATEUR EDP-S 200ML,085715710307,1000+,100.0,17.25,,,0.0,4828819
01-ALH-AM-PS100,AL HARAMAIN AMBER MUSK EDP-S 100ML,6291100130634,3,75.0,29.95,,,0.0,201982844
01-ALH-AOG-PS60,AL HARAMAIN AMBER OUD GOLD EDP-S 60ML,6291100131716,118,65.0,28.95,,,0.0,201434467
01-ALH-AOW-PS100,AL HARAMAIN AMBER OUD WHITE EDP-S 100ML,6291100130115,5,75.0,30.95,,,0.0,202160557
01-ALH-AOW-PS60,AL HARAMAIN AMBER OUD WHITE EDP-S 60ML,6291100131617,2,65.0,24.95,,,0.0,202052125
01-AP-MIR-RB10,A DI PARMA MIRTO DI PANAREA ROLLER BALL EDT 10ML,8028713572821,1000+,30.0,5.5,,,0.0,201400023
01-AR-BIY-PS100,ARMANI BECAUSE ITS YOU EDP-S 100ML,3605522041486,136,105.0,50.95,,,0.0,5577660
01-AR-COD-04056,ARMANI CODE WOMEN EDP-S 50ML,3360375004056,399,92.0,46.95,,,0.0,590909
01-AR-DIA-PS100,ARMANI EMPORIO DIAMONDS EDP-S 100ML,3605520380310,1000+,80.0,35.95,,,0.0,930402
01-AR-DIAR-TS50,ARMANI EMPORIO DIAMONDS ROSE EDT-S 50ML,3605521819987,464,47.0,23.95,,,0.0,3911744
01-AR-EMP-PS50,ARMANI EMPORIO SHE EDP-S 50ML,3614273070263,311,55.0,25.95,,,0.0,605674
01-AR-MW-PS15,ARMANI MY WAY EDP-S 15ML,3614272907744,28,48.0,13.5,,,0.0,201146079
01-AR-MW-PS30,ARMANI MY WAY EDP-S 30ML,3614272907652,159,65.0,37.95,,,0.0,204369056
01-AR-MW-PS50,ARMANI MY WAY EDP-S 50ML,3614272907676,120,95.0,48.95,,,0.0,200510394
01-AR-MW-PS90,ARMANI MY WAY EDP-S 90ML,3614272907690,94,130.0,55.95,,,0.0,200510396
01-AR-RAIN-PS100-UK,ARMANI PRIVE ROSE D'ARABIE EDP-S 100ML,3605521347497,26,290.0,149.95,,,0.0,4696786
01-AR-ROIN-PS100-UK,ARMANI PRIVE OUD ROYAL EDP-S 100ML,3605521347671,57,290.0,149.95,,,0.0,NA
01-AR-SIP-PS30,ARMANI SI PASSIONE EDP-S 30ML,3614271994721,372,67.0,32.95,,,0.0,5980822
01-AR-SI-PS100,ARMANI SI EDP-S 100ML,3605521816658,25,130.0,59.95,,,0.0,4074598
01-AR-SI-PS15,ARMANI SI EDP-S 15ML,3614271579119,1000+,32.0,13.5,,,0.0,5968941
01-AR-SI-PS30,ARMANI SI EDP-S 30ML,3605521816511,358,67.0,36.5,,,0.0,4074523
01-AS-DR-TS50,ANNA SUI DREAMS EDT-S 50ML,085715081872,1000+,50.0,10.5,,,0.0,587461
01-AS-FAN-TS75,ANNA SUI FANTASIA EDT-S 75ML,085715297204,894,81.0,11.95,,,0.0,5913085
01-AS-FM-TS30,ANNA SUI FANTASIA MERMAID EDT-S 30ML,085715297228,168,42.0,7.5,,,0.0,NA
01-AS-FM-TS75,ANNA SUI FANTASIA MERMAID EDT-S 75ML,085715297181,509,84.0,10.95,,,0.0,5913085
01-AS-FOF-TS50,ANNA SUI FLIGHT OF FANCY EDT-S 50ML,085715082015,1000+,48.0,11.5,,,0.0,881689
01-AS-MY-TS50,ANNA SUI SUNDAE MELLOW YELLOW EDT-S 50ML,085715295385,835,50.0,11.95,,,0.0,204611776
01-AS-PP-TS50,ANNA SUI SUNDAE PRETTY PINK EDT-S 50ML,085715295378,189,50.0,11.95,,,0.0,NA
01-AS-SKY-TS75,ANNA SUI SKY EDT-S 75ML,085715064752,1000+,60.0,11.95,,,0.0,202160318
01-AS-SVV-TS50,ANNA SUI SUNDAE VIOLET VIBE EDT-S 50ML,085715295392,665,50.0,11.95,,,0.0,NA
01-BE-NO2-PS100,BILLIE EILISH EILISH NO2 EDP-S 100ML,608940583753,105,52.0,32.95,,,0.0,202830882
01-BS-BEL-PS100,BRITNEY SPEARS BELIEVE EDP-S 100ML,719346117722,1000+,44.0,9.5,,,0.0,966172
01-BS-BEL-PS30,BRITNEY SPEARS BELIEVE EDP-S 30ML,719346117708,1000+,30.0,5.95,,,0.0,NA
01-BS-CF-PS100,BRITNEY SPEARS CIRCUS FANTASY EDP-S 100ML,719346567442,1000+,44.0,7.75,,,0.0,2041145
01-BS-CF-TS100,BRITNEY SPEARS CANDIED FANTASY EDT-S 100ML,719346263566,1000+,42.0,11.5,,,0.0,NA
01-BS-CF-TS30,BRITNEY SPEARS CANDIED FANTASY EDT-S 30ML,719346263573,1000+,28.0,6.95,,,0.0,NA
01-BS-CUR-PS100,BRITNEY SPEARS CURIOUS EDP-S 100ML,719346034425,994,49.0,8.5,,,0.0,821947
01-BS-CUR-PS30,BRITNEY SPEARS CURIOUS EDP-S 30ML,719346034401,1000+,27.0,5.95,,,0.0,820506
01-BS-EF-TS100,BRITNEY SPEARS ELECTRIC FANTASY EDT-S 100ML,719346256360,1000+,37.0,7.95,,,0.0,202032949
01-BS-FAN-PS100,BRITNEY SPEARS FANTASY EDP-S 100ML,719346065405,1000+,49.0,10.95,,,0.0,838684
01-BS-FANS-TS100,BRITNEY SPEARS FANTASY SHEER EDT-S 100ML,719346256346,1000+,24.0,8.65,,,0.0,202712876
01-BS-FF-TS100,BRITNEY SPEARS FESTIVE FANTASY EDT-S 100ML,719346250436,1000+,37.0,8.95,,,0.0,201440298
01-BS-FI-PS100,BRITNEY SPEARS FANTASY INTENSE EDP-S 100ML,719346565868,309,47.0,10.95,,,0.0,202004369
01-BS-IF-PS100,BRITNEY SPEARS INTIMATE FANTASY EDP-S 100ML,719346191814,1000+,49.0,7.95,,,0.0,4993148
01-BS-JF-TS100,BRITNEY SPEARS JUNGLE FANTASY EDT-S 100ML,719346262170,1000+,42.0,9.95,,,0.0,203070351
01-BS-JF-TS30,BRITNEY SPEARS JUNGLE FANTASY EDT-S 30ML,719346262187,1000+,12.0,6.95,,,0.0,NA
01-BS-MF-PS100,BRITNEY SPEARS MIDNIGHT FANTASY EDP-S 100ML,719346094665,1000+,46.0,10.95,,,0.0,840849
01-BS-MF-PS30,BRITNEY SPEARS MIDNIGHT FANTASY EDP-S 30ML,719346107297,1000+,28.0,6.95,,,0.0,820481
01-BS-NF-TS100,BRITNEY SPEARS NAKED FANTASY EDT-S 100ML,719346228992,1000+,37.0,10.5,,,0.0,202135883
01-BS-NF-TS30,BRITNEY SPEARS NAKED FANTASY EDT-S 30ML,719346229005,1000+,28.0,6.95,,,0.0,NA
01-BU-BFH-TS100,BURBERRY BRIT FOR HER EDT-S 100ML,3614226905253,313,75.0,22.95,,,0.0,589094
01-BU-LON-PS100,BURBERRY LONDON FOR WOMEN EDP-S 100ML,3614226905185,1000+,96.0,21.95,,,0.0,735616
01-BU-LON-PS30,BURBERRY LONDON WOMEN EDP-S 30ML,3614226905208,480,47.0,13.5,,,0.0,448062
01-BU-LON-PS50,BURBERRY LONDON FOR WOMEN EDP-S 50ML,3614226905192,1000+,70.0,17.95,,,0.0,587467
01-BU-WKND-PS30,BURBERRY WEEKEND EDP-S 30ML,3614227748361,1000+,55.0,12.95,,,0.0,6982182
01-BU-WKND-PS50,BURBERRY WEEKEND EDP-S 50ML,3614227748323,825,62.0,13.95,,,0.0,598409
01-BU-WOM-PS100,BURBERRY ORIGINAL WOMEN EDP-S 100ML,3614226905666,325,96.0,22.95,,,0.0,201430704
01-BYR-BLAN-PS100-UK,BYREDO BLANCHE EDP-S 100ML,7340032860368,58,220.0,118.95,,,0.0,NA
01-BYR-BLAN-PS50-UK,BYREDO BLANCHE EDP-S 50ML,7340032860306,53,150.0,82.95,,,0.0,3341721
01-BYR-BS-PS50,BYREDO BLACK SAFFRON EDP-S 50ML,7340032860290,196,150.0,75.95,,,0.0,5214542
01-BYR-GW-HP75,BYREDO GYPSY WATER HAIR PERFUME 75ML,7340032860696,33,60.0,31.95,,,0.0,5567240
01-BYR-ME-PS100,BYREDO MIXED EMOTIONS EDP-S 100ML,7340032855302,71,220.0,108.95,,,0.0,201089857
01-BYR-MN-PS50,BYREDO MUMBAI NOISE EDP-S 50ML,7340032857801,120,150.0,72.95,,,0.0,201683755
01-BYR-RNML-PS50-UK,BYREDO ROSE OF NO MAN'S LAND EDP-S 50ML,7340032860931,94,150.0,89.95,,,0.0,6045234
01-BYR-SC-PS100,BYREDO SUPER CEDAR EDP-S 100ML,7340032815443,29,220.0,108.95,,,0.0,4994104
01-BYR-YR-PS100,BYREDO YOUNG ROSE EDP-S 100ML,7340032870336,29,220.0,112.95,,,0.0,201864059
01-CA-AMO-TS30,CACHAREL AMOR AMOR EDT-S 30ML,3360373063697,1000+,39.0,9.95,,,0.0,334960
01-CA-AMO-TS30-UK,CACHAREL AMOR AMOR EDT-S 30ML,3360373063697,710,39.0,9.95,,,0.0,NA
01-CA-AMO-TS50-UK,CACHAREL AMOR AMOR EDT-S 50ML,3360373063703,854,55.0,14.95,,,0.0,588776
01-CA-ANA-TS30-UK,CACHAREL ANAIS ANAIS EDT-S 30ML,3360370512044,1000+,39.0,10.5,,,0.0,334962
01-CA-EDE-PS30,CACHAREL EDEN EDP-S 30ML,3360373048861,1000+,35.0,9.75,,,0.0,NA
01-CA-NOA-TS50,CACHAREL NOA EDT-S 50ML,3360373016341,103,55.0,14.95,,,0.0,588787
01-CA-NOA-TS50-UK,CACHAREL NOA EDT-S 50ML,3360373016341,89,55.0,14.95,,,0.0,588787
01-CA-YIAD-PS50,CACHAREL YES I AM DELICIOUS EDP-S 50ML,3614273476140,1000+,78.0,9.95,,,0.0,NA
01-CD-ADD-PS100,DIOR ADDICT EDP-S 100ML,3348901181839,107,145.0,91.95,,,0.0,6830579
01-CD-ADD-PS30,DIOR ADDICT EDP-S 30ML,3348901182331,27,72.0,46.5,,,0.0,6830573
01-CD-ADD-TS50,DIOR ADDICT EDT-S 50ML,3348901206167,42,88.0,48.95,,,0.0,4392170
01-CD-DUN-TS100,DIOR DUNE EDT-S 100ML,3348900103870,39,122.0,75.95,,,0.0,607439
01-CD-HYP-PS50,DIOR HYPNOTIC POISON EDP-S 50ML,3348901192224,48,104.0,66.95,New In,,0.0,NA
01-CD-HYP-TS50,DIOR HYPNOTIC POISON EDT-S 50ML,3348900378575,54,82.0,52.95,,,0.0,606954
01-CD-JAD-PS100,DIOR J'ADORE EDP-S 100ML,3348900417878,8,145.0,89.95,,,0.0,589105
01-CD-JOY-PS50,DIOR JOY EDP-S 50ML,3348901419086,23,104.0,59.95,,,0.0,6284862
01-CD-POIG-PS50,DIOR POISON GIRL EDP-S 50ML,3348901293839,2,97.0,61.95,,,0.0,4944814
01-CD-POIG-TS100,DIOR POISON GIRL EDT-S 100ML,3348901345736,84,122.0,72.95,,,0.0,5396307
01-CD-POIG-TS30,DIOR POISON GIRL EDT-S 30ML,3348901345743,233,66.0,37.95,,,0.0,5396308
01-CD-POIG-TS50,DIOR POISON GIRL EDT-S 50ML,3348901345729,54,88.0,50.95,,,0.0,NA
01-CD-POI-TS50,DIOR POISON EDT-S 50ML,3348900011632,50,88.0,53.95,,,0.0,589111
01-CD-PP-PS30,DIOR PURE POISON EDP-S 30ML,3348900606692,124,72.0,45.5,,,0.0,325652
01-CD-PP-PS50,DIOR PURE POISON EDP-S 50ML,3348900606708,48,97.0,61.95,New In,,0.0,589112
01-CER-FEM-2729,CERRUTI 1881 POUR FEMME EDT-S 50ML,5050456522729,1000+,43.0,9.99,,,0.0,588958
01-CER-FEM-TS100,CERRUTI 1881 POUR FEMME EDT-S 100ML,5050456522736,1000+,54.0,16.5,,,0.0,NA
01-CHA-ALL-PS35,CHANEL ALLURE EDP-S 35ML,3145891124408,197,75.0,47.95,,,0.0,324623
01-CHA-ALL-PS50,CHANEL ALLURE EDP-S 50ML,3145891124309,24,104.0,71.95,,,0.0,953145
01-CHA-ALLTE-HM35,CHANEL ALLURE TENDRE HAIR MIST 35ML,3145891129908,13,60.0,38.95,,,0.0,NA
01-CHA-ALL-TS50,CHANEL ALLURE EDT-S 50ML,3145891124507,35,88.0,60.95,,,0.0,588984
01-CHA-CHNF-HM35,CHANEL CHANCE EAU FRAICHE HAIR MIST 35ML,3145891369908,6,60.0,38.95,,,0.0,NA
01-CHA-CHNT-TS50,CHANEL CHANCE EAU TENDRE EDT-S 50ML,3145891263107,3,116.0,68.95,New In,,0.0,NA
01-CHA-CHNV-HM35,CHANEL CHANCE EAU VIVE HAIR MIST 35ML,3145891266603,7,60.0,38.95,,,0.0,NA
01-CHA-COM-HM35,CHANEL COCO MADEMOISELLE HAIR MIST 35ML,3145891169973,8,60.0,43.95,,,0.0,NA
01-CHA-CONO-PS35,CHANEL COCO NOIR EDP-S 35ML,3145891136203,42,75.0,51.5,,,0.0,4156462
01-CHA-CO-TS50,CHANEL COCO EDT-S 50ML,3145891234503,72,88.0,62.95,,,0.0,589006
01-CHA-GAB-PS50,CHANEL GABRIELLE EDP-S 50ML,3145891204254,15,104.0,75.95,,,0.0,5719318
01-CHA-NO5-54709,CHANEL NO 5 RECHARGEABLE EDP-S 60ML,3145891254709,27,119.0,76.95,,,0.0,NA
01-CHA-NO5-PS35,CHANEL NO 5 EDP-S 35ML,3145891252309,5,75.0,55.95,New In,,0.0,324612
01-CHA-NO5-RPS60,CHANEL NO 5 RECHARGEABLE EDP-S 60ML,3145891254501,106,119.0,76.95,,,0.0,NA
01-CHA-NO5-RTS50,CHANEL NO 5 RECHARGEABLE EDT-S 50ML,3145891054507,70,84.0,71.95,,,0.0,200875031
01-CHE-212-DSP150,CAROLINA HERRERA 212 NYC DEO SPRAY 150ML,8411061805893,1000+,26.5,8.95,,,0.0,2132272
01-CHL-LST-PS50,CHLOE LOVE STORY EDP-S 50ML,3607342635838,41,90.0,42.95,,,0.0,4486224
01-CHL-NAT-PS30,CHLOE ROSE NATURELLE EDP-S 30ML,3614228842839,58,71.0,31.95,,,0.0,201541979
01-CHL-NAT-PS50,CHLOE ROSE NATURELLE EDP-S 50ML,3614228842785,32,71.0,44.95,,,0.0,201541978
01-CHL-NOM-PS30,CHLOE NOMADE EDP-S 30ML,3614223111404,53,68.0,29.95,,,0.0,6044802
01-CHL-NOM-PS75,CHLOE NOMADE EDP-S 75ML,3614223113347,3,119.0,52.95,,,0.0,6044817
01-CHL-SIG-PS10,CHLOE SIGNATURE ROLLER BALL EDP-S 10ML,3607342697706,461,25.0,11.95,,,0.0,5724077
01-CHL-SIG-PS30,CHLOE SIGNATURE EDP-S 30ML,688575201901,824,68.0,30.95,,,0.0,973198
01-CHL-SIG-PS50,CHLOE SIGNATURE EDP-S 50ML,3607346232347,103,95.0,41.95,,,0.0,967800
01-CHL-SIG-PS50-UK,CHLOE SIGNATURE EDP-S 50ML,3607346232347,989,95.0,38.95,,,0.0,NA
01-CHL-SIGRNI-PS30,CHLOE SIGNATURE ROSE NATURELLE INTENSE EDP-S 30ML,3616302038626,64,75.0,33.95,,,0.0,202096818
01-CHL-SIGRNI-PS50,CHLOE SIGNATURE ROSE NATURELLE INTENSE EDP-S 50ML,3616302038312,9,100.0,48.95,,,0.0,202096817
01-CK-CK1-07681-UK,CK CK1 EDT-S 50ML,088300107681,1000+,30.0,10.45,,,0.0,102553
01-CK-CK1-DSP150,CK ONE DEO SPRAY 150ML,3614225971518,1000+,17.0,5.95,,,0.0,NA
01-CK-CK1-DST75,CK ONE DEO STICK 75G,088300108978,924,13.0,5.25,,,0.0,804968
01-CK-CKBE-TS200,CK CKBE EDT-S 200ML,088300104437,719,72.0,14.95,,,0.0,609164
01-CK-CONT-PS100,CK CONTRADICTION EDP-S 100ML,088300602513,1000+,74.0,14.25,,,0.0,588807
01-CK-ESC-PS100,CK ESCAPE EDP-S 100ML,088300608409,1000+,70.0,15.75,,,0.0,588816
01-CK-ETEF-PS100,CK ETERNITY FLAME EDP-S 100ML,3614225671333,1000+,74.0,13.25,,,0.0,6431359
01-CK-ETEF-PS100-UK,CK ETERNITY FLAME EDP-S 100ML,3614225671333,1000+,74.0,13.25,,,0.0,6431359
01-CK-ETEM-PS30,CK ETERNITY MOMENT EDP-S 30ML,088300156009,1000+,35.0,7.95,,,0.0,323127
01-CK-ETEM-PS50,CK ETERNITY MOMENT EDP-S 50ML,088300139484,58,59.0,9.95,,,0.0,588834
01-CK-ETE-PS30-UK,CK ETERNITY EDP-S 30ML,088300601387,142,45.0,14.95,,,0.0,102585
01-CK-ETE-PS50-UK,CK ETERNITY EDP-S 50ML,088300601301,59,59.0,17.95,,,0.0,588823
01-CK-EUP-PS30,CK EUPHORIA EDP-S 30ML,088300162567,1000+,45.0,14.95,,,0.0,484784
01-CK-EUP-PS50,CK EUPHORIA EDP-S 50ML,088300162543,120,66.0,20.95,,,0.0,588851
01-CK-EUP-PS50-UK,CK EUPHORIA EDP-S 50ML,088300162543,993,66.0,20.95,,,0.0,588851
01-CK-IN2U-TS100,CALVIN KLEIN CKIN2U HER EDT-S 100ML,088300196814,1000+,55.0,11.5,,,0.0,743847
01-CK-IN2U-TS50,CALVIN KLEIN CKIN2U HER EDT-S 50ML,088300196852,1000+,31.0,8.5,,,0.0,742425
01-CK-OBSN-PS100,CK OBSESSION NIGHT EDP-S 100ML,088300150410,240,71.0,11.95,,,0.0,588874
01-CK-OBS-PS100,CK OBSESSION EDP-S 100ML,088300603404,347,84.0,13.95,,,0.0,588867
01-CK-OBS-PS50,CK OBSESSION EDP-S 50ML,088300603305,209,57.0,11.95,,,0.0,588862
01-CK-ONE-TS100-UK,CK ONE EDT-S 100ML,088300107407,1000+,55.0,13.95,,,0.0,609169
01-CK-SHO-TS200,CK ONE SHOCK FOR HER EDT-S 200ML,3607342401860,149,59.0,13.75,,,0.0,2923558
01-CQ-ARO-BS200,CLINIQUE AROMATICS BODY SMOOTHER 200ML,020714012786,1000+,42.0,12.75,,,0.0,589121
01-CQ-ARO-PS25,CLINIQUE AROMATICS ELIXIR EDP-S 25ML,020714005887,1000+,45.0,8.25,,,0.0,325098
01-CQ-ARO-PS45,CLINIQUE AROMATICS ELIXIR EDP-S 45ML,020714001940,1000+,59.0,11.5,,,0.0,589127
01-CQ-HAP-PS30,CLINIQUE HAPPY EDP-S 30ML,020714997298,1000+,39.0,7.5,,,0.0,325073
01-CQ-HH-PS100,CLINIQUE HAPPY HEART EDP-S 100ML,020714881429,1000+,68.0,12.95,,,0.0,604135
01-CR-CAR-PS30,CREED CARMINA EDP-S 30ML,3508440251428,40,165.0,90.95,,,0.0,203806044
01-CR-CAR-PS75,CREED CARMINA EDP-S 75ML,3508440251435,50,260.0,135.95,,,0.0,203358343
01-CR-SMW-SG200,CREED SLIVER MOUNTAIN WATER SHOWER GEL 200ML,3508443107357,7,85.0,35.95,,,0.0,NA
01-CR-SPRFL-PS75,CREED SPRING FLOWER EDP-S 75ML,3508440561800,15,260.0,125.95,,,0.0,871145
01-CR-WF-PS75,CREED WIND FLOWERS EDP-S 75ML,3508440506856,11,260.0,142.95,,,0.0,202284599
01-CT-BAV-PS100-UK,CARTIER BAISER VOLE EDP-S 100ML,3432240026750,169,139.0,52.95,,,0.0,2848162
01-DAV-CWOE-TS100,DAVIDOFF COOL WATER OCEANIC EDITION FOR WOMAN EDT-S 100ML,3616303467388,622,70.0,11.5,,,0.0,NA
01-DAV-CW-TS30-UK,DAVIDOFF COOL WATER WOMAN EDT-S 30ML,3414202011820,1000+,32.0,8.5,,,0.0,102765
01-DAV-CW-TS50,DAVIDOFF COOL WATER WOMAN EDT-S 50ML,3414202011769,840,44.0,9.75,,,0.0,590000
01-DAV-CW-TS50-UK,DAVIDOFF COOL WATER WOMAN EDT-S 50ML,3414202011769,1000+,44.0,9.5,,,0.0,590000
01-DG-LB-TS100-UK,D&G LIGHT BLUE EDT-S 100ML,8057971180318,105,104.0,30.95,,,0.0,585621
01-DG-LB-TS25-UK,D&G LIGHT BLUE EDT-S 25ML,3423473020257,604,52.0,17.95,,,0.0,NA
01-DG-LB-TS50,D&G LIGHT BLUE EDT-S 50ML,8057971180349,237,71.0,24.95,,,0.0,NA
01-DG-LB-TS50-UK,D&G LIGHT BLUE EDT-S 50ML,8057971180349,743,75.0,21.75,,,0.0,NA
01-DG-NO3-TS100,D&G L'IMPERATRICE EDT-S 100ML,8057971182053,1000+,66.0,22.95,,,0.0,NA
01-DG-ONE-20998-UK,D&G THE ONE EDP-S 50ML,3423473020998,161,91.0,33.95,,,0.0,NA
01-DG-ONE-PS30-UK,D&G THE ONE EDP-S 30ML,3423473020981,586,65.0,24.95,,,0.0,NA
01-DG-Q-PS50-UK,D&G Q EDP-S 50ML,8057971183654,422,89.0,24.95,,,0.0,NA
01-DI-D-TS10,DIESEL D BY DIESEL EDT-S 10ML,3614273734561,567,14.0,4.25,,,0.0,NA
01-DI-FFL-PS50,DIESEL FUEL 4 LIFE WOMAN EDP-S 50ML,3605520385568,1000+,65.0,11.75,,,0.0,
01-DI-LOV-PS75-UK,DIESEL LOVERDOSE EDP-S 75ML,3605521132499,297,66.0,19.95,,,0.0,
01-DK-BDOS-PS50,DKNY BE DELICIOUS ORCHARD STREET EDP-S 50ML,085715950420,1000+,62.0,15.95,,,0.0,
01-DK-BDPPB-TS50,DKNY BE DELICIOUS POOL PARTY BAY BREEZE EDT-S 50ML,085715950345,1000+,62.0,13.95,,,0.0,
01-DK-BDPP-TS50,DKNY BE DELICIOUS POOL PARTY MAI TAI EDT-S 50ML,085715950352,1000+,43.0,13.95,,,0.0,
01-DK-BTBL-PS100,DKNY BE TEMPTED EAU SO BLUSH EDP-S 100ML,085715950208,1000+,74.0,16.95,,,0.0,
01-DK-BT-PS100,DKNY BE TEMPTED EDP-S 100ML,085715950178,1000+,74.0,17.5,,,0.0,
01-DK-DEL-50024,DKNY BE DELICIOUS EDP-S 30ML,085715950024,449,47.0,13.95,,,0.0,
01-DK-DEL-PS50,DKNY BE DELICIOUS EDP-S 50ML,085715950017,274,62.0,19.95,,,0.0,
01-DK-DK-30930,DKNY WOMEN EDT-S 100ML,022548230930,248,62.0,17.95,,,0.0,
01-DK-DKFE-PS100,DKNY WOMEN FALL LIMITED EDITION EDP-S 100ML,085715950314,1000+,75.0,18.95,,,0.0,
01-DK-DK-FM250,DKNY WOMEN ENERGIZING FRAGRANCE MIST 250ML,085715950581,421,17.0,5.95,,,0.0,
01-DK-DK-PS100,DKNY WOMEN EDP-S 100ML,763511100019,1000+,81.0,21.95,,,0.0,
01-DK-DK-TS100,DKNY WOMEN EDT-S 100ML,085715950284,1000+,62.0,17.95,,,0.0,
01-DK-EDEL-PS100,DKNY BE EXTRA DELICIOUS EDP-S 100ML,085715950147,1000+,81.0,17.95,,,0.0,
01-DK-EDEL-PS30,DKNY BE EXTRA DELICIOUS EDP-S 30ML,085715950161,912,47.0,10.95,,,0.0,
01-DK-FB-50093,DKNY FRESH BLOSSOM EDP-S 50ML,085715950093,475,58.0,11.95,,,0.0,
01-DK-FB-PS100,DKNY FRESH BLOSSOM EDP-S 100ML,085715950086,1000+,81.0,17.95,,,0.0,
01-DK-GOLD-PS100,DKNY GOLDEN DELICIOUS EDP-S 100ML,085715950116,1000+,70.0,15.75,,,0.0,
01-DK-NL-PS100,DKNY NECTAR LOVE EDP-S 100ML,085715950222,837,81.0,15.75,,,0.0,
01-DSQ-REDW-TS50,DSQUARED2 RED WOOD POUR FEMME EDT-S 50ML,8011003852680,362,59.5,7.5,,,0.0,
01-EA-5A-PS125,ELIZABETH ARDEN 5TH AVENUE EDP-S 125ML,085805390600,1000+,54.0,11.95,,,0.0,
01-EA-5AVNY-PS125,ELIZABETH ARDEN 5TH AVENUE NYC EDP-S 125ML,085805156602,1000+,54.0,8.45,,,0.0,
01-EA-5THAV-PS30,ELIZABETH ARDEN 5TH AVENUE EDP-S 30ML,085805390402,1000+,33.0,5.25,,,0.0,
01-EA-GTC-TS100,ELIZABETH ARDEN GREEN TEA CUCUMBER EDT-S 100ML,085805188016,1000+,31.0,5.25,,,0.0,
01-EA-GTS-TS100,ELIZABETH ARDEN GREEN TEA SUMMER EDT-S 100ML,085805036577,1000+,35.0,5.25,,,0.0,
01-EA-GT-TS30,ELIZABETH ARDEN GREEN TEA EDT-S 30ML,085805763749,622,19.0,3.75,,,0.0,
01-EA-GTT-TS100,ELIZABETH ARDEN GREEN TEA TROPICAL EDT-S 100ML,085805069308,1000+,31.0,5.5,,,0.0,
01-EA-RED-TS100,ELIZABETH ARDEN RED DOOR EDT-S 100ML,085805558420,1000+,60.0,11.95,,,0.0,
01-EA-SUN-TS100,ELIZABETH ARDEN SUNFLOWERS EDT-S 100ML,085805757748,653,34.0,6.5,,,0.0,
01-EL-BB-PS50,ESTEE LAUDER BEAUTIFUL BELLE EDP-S 50ML,887167330436,1000+,79.0,18.95,,,0.0,
01-EL-BEA-PS30,ESTEE LAUDER BEAUTIFUL EDP-S 30ML,027131086864,1000+,55.0,11.75,,,0.0,
01-EL-BEA-PS75,ESTEE LAUDER BEAUTIFUL EDP-S 75ML,027131086871,1000+,85.0,22.95,,,0.0,
01-EL-CIN-PS50,ESTEE LAUDER CINNABAR EDP-S 50ML,887167095878,869,70.0,28.5,,,0.0,
01-EL-ES-PS50,ESTEE LAUDER ESTEE EDP-S 50ML,887167095885,1000+,70.0,23.95,,,0.0,
01-EL-MM-PS50,ESTEE LAUDER MODERN MUSE EDP-S 50ML,027131261612,1000+,85.0,19.5,,,0.0,
01-EL-PC-PS50,ESTEE LAUDER PRIVATE COLLECTION EDP-S 50ML,027131019817,1000+,70.0,23.95,,,0.0,
01-EL-PLSI-PS100,ESTEE LAUDER PLEASURES INTENSE EDP-S 100ML,027131286905,1000+,80.0,22.5,,,0.0,
01-EL-PLS-PS100,ESTEE LAUDER PLEASURES EDP-S 100ML,027131043317,829,80.0,21.95,,,0.0,
01-EL-PLS-PS30,ESTEE LAUDER PLEASURES EDP-S 30ML,027131043287,1000+,55.0,9.5,,,0.0,
01-EL-PLS-PS50,ESTEE LAUDER PLEASURES EDP-S 50ML,027131043294,1000+,70.0,12.5,,,0.0,
01-EL-SB-PS50,ESTEE LAUDER SPELLBOUND EDP-S 50ML,887167095915,1000+,70.0,29.95,,,0.0,
01-EL-SEN-PS50,ESTEE LAUDER SENSUOUS EDP-S 50ML,027131595045,1000+,70.0,15.5,,,0.0,
01-EL-YD-PS65,ESTEE LAUDER YOUTH DEW EDP-S 67ML,027131017752,1000+,60.0,11.5,,,0.0,
01-ES-LEPA-PS30,ELIE SAAB LE PARFUM EDP-S 30ML,7640233340004,756,49.0,18.95,,,0.0,
01-ES-LEPA-PS50,ELIE SAAB LE PARFUM EDP-S 50ML,7640233340028,55,70.0,26.95,,,0.0,
01-ET-WD-TS100,ELIZABETH TAYLOR WHITE DIAMONDS EDT-S 100ML,719346022705,604,52.0,12.95,,,0.0,
01-FLO-ARF-PS100,FLORIS A ROSE FOR EDP-S 100ML,886266761042,21,180.0,66.95,,,0.0,
01-FLO-CB-PS100,FLORIS CHERRY BLOSSOM EDP-S 100ML,886266371043,33,180.0,59.95,,,0.0,
01-FLO-CHY-TS100,FLORIS CHYPRESS EDT-S 100ML,886266591144,33,110.0,33.95,,,0.0,
01-FLO-LO-PS100,FLORIS MULBERRY FIG EDP-S 100ML,886266791049,21,180.0,66.95,,,0.0,
01-FLO-NV-PS100,FLORIS NEROLI VOYAGE EDP-S 100ML,886266771041,21,180.0,59.95,,,0.0,
01-FLO-PTT-PS100,FLORIS PLATINUM TWENTY TWO EDP-S 100ML,886266401047,31,200.0,76.95,,,0.0,
01-FLO-SIR-PS100,FLORIS SIRENA EDP-S 100ML,886266681043,30,180.0,61.95,,,0.0,
01-FLO-SJ-TS100,FLORIS NIGHT SCENTED JASMINE EDT-S 100ML,886266511142,21,110.0,33.95,,,0.0,
01-FLO-TIS-PS100,FLORIS TUBERROSE IN SILK EDP-S 100ML,886266441043,21,180.0,61.95,,,0.0,
01-FLO-WR-TS100,FLORIS WHITE ROSE EDT-S 100ML,886266921149,21,110.0,35.95,,,0.0,
01-GBH-GIO-TS90,GIORGIO BEVERLY HILLS YELLOW EDT-S 90ML,716393009581,765,49.0,11.5,,,0.0,
01-GH-GH-TS30,GHOST THE FRAGRANCE EDT-S 30ML,5050456311224,1000+,29.0,10.95,,,0.0,
01-GH-GH-TS50,GHOST THE FRAGRANCE EDT-S 50ML,5050456312009,1000+,40.0,15.95,,,0.0,
01-GH-SH-TS30,GHOST SWEETHEART EDT-S 30ML,5050456311217,989,29.0,10.5,,,0.0,
01-GIV-ADLS-PS30,GIVENCHY ANGE OU DEMON LE SECRET EDP-S 30ML,3274870002687,262,64.0,27.95,,,0.0,
01-GIV-ADLS-PS50,GIVENCHY ANGE OU DEMON LE SECRET EDP-S 50ML,3274870002694,84,93.0,42.95,,,0.0,
01-GIV-AMAR-TS100,GIVENCHY AMARIGE EDT-S 100ML,3274878122561,455,109.0,35.5,,,0.0,
01-GIV-AMAR-TS30,GIVENCHY AMARIGE EDT-S 30ML,3274878122509,437,53.0,20.95,,,0.0,
01-GIV-AOD-PS30,GIVENCHY ANGE OU DEMON EDP-S 30ML,3274872396203,258,64.0,26.95,,,0.0,
01-GIV-AOD-PS50,GIVENCHY ANGE OU DEMON EDP-S 50ML,3274872396180,18,93.0,36.95,,,0.0,
01-GIV-LIN-PS50-UK,GIVENCHY L'INTERDIT EDP-S 50ML,3274872372146,103,93.0,45.95,,,0.0,
01-GIV-ORG-PS100,GIVENCHY ORGANZA EDP-S 100ML,3274872456686,152,131.0,39.95,,,0.0,
01-GIV-VIFW-TS75,GIVENCHY VERY IRRESISTIBLE FOR WOMEN EDT-S 75ML,3274872369412,352,91.0,37.5,,,0.0,
01-GL-FIDJI-TS50,GUY LAROCHE FIDJI EDT-S 50ML,3360372009627,147,39.5,10.25,,,0.0,
01-GU-ADFI-PS50-UK,GUCCI BLOOM AMBROSIA DI FIORI INTENSE EDP-S 50ML,3614229461336,1000+,83.0,29.5,,,0.0,
01-GU-BAM-PS30,GUCCI BAMBOO EDP-S 30ML,737052925028,1000+,64.0,30.95,,,0.0,
01-GU-BAM-PS50,GUCCI BAMBOO EDP-S 50ML,737052925073,20,90.0,31.95,,,0.0,
01-GU-BAM-PS50-UK,GUCCI BAMBOO EDP-S 50ML,737052925073,418,90.0,31.95,,,0.0,
01-GU-BAM-TS30,GUCCI BAMBOO EDT-S 30ML,8005610295015,57,64.0,29.95,,,0.0,
01-GU-BLO-PS30-UK,GUCCI BLOOM EDP-S 30ML,8005610481081,99,68.0,27.95,,,0.0,
01-GU-BLO-PS50-UK,GUCCI BLOOM EDP-S 50ML,8005610481043,205,95.0,38.95,,,0.0,
01-GU-BLO-TS100,GUCCI BLOOM EDT-S 100ML,3616302514298,42,118.0,47.95,,,0.0,
01-GU-BLO-TS100-UK,GUCCI BLOOM EDT-S 100ML,3616302514298,9,118.0,45.95,,,0.0,
01-GU-BLO-TS30,GUCCI BLOOM EDT-S 30ML,3616302514274,38,55.0,25.25,,,0.0,
01-GU-BLO-TS50,GUCCI BLOOM EDT-S 50ML,3616302514281,88,82.0,35.95,,,0.0,
01-GU-BPDF-PS30-UK,GUCCI BLOOM PROFUMO DI FIORI EDP-S 30ML,3614229461367,484,71.0,22.95,,,0.0,
01-GU-FLOGJ-PS30-UK,GUCCI FLORA GORGEOUS JASMINE EDP-S 30ML,3616302968589,822,68.0,29.95,,,0.0,
01-GU-FLOGM-PS30,GUCCI FLORA GORGEOUS MAGNOLIA EDP-S 30ML,3616303470869,148,68.0,34.95,,,0.0,
01-GU-FLOGM-PS30-UK,GUCCI FLORA GORGEOUS MAGNOLIA EDP-S 30ML,3616303470869,938,68.0,29.95,,,0.0,
01-GU-FLOGM-PS50-UK,GUCCI FLORA GORGEOUS MAGNOLIA EDP-S 50ML,3616303470906,244,95.0,45.95,,,0.0,
01-GU-FLOG-PS50-UK,GUCCI FLORA GORGEOUS GARDENIA EDP-S 50ML,3616302022489,8,95.0,47.95,,,0.0,
01-GU-GGEL-PS60,GUCCI GUILTY ELIXIR EDP-S 60ML,3616304175916,190,124.0,60.95,,,0.0,
01-GU-GUI-76110-UK,GUCCI GUILTY EDT-S 50ML,3616301976110,43,70.0,39.95,,,0.0,
01-GU-GUI-SG150,GUCCI GUILTY SHOWER GEL 150ML,3616303855949,17,28.0,14.95,,,0.0,
01-GU-GUI-TS30,GUCCI GUILTY EDT-S 30ML,3616301976134,147,55.0,33.95,,,0.0,
01-GU-GUI-TS50,GUCCI GUILTY EDT-S 50ML,3616301976110,125,70.0,39.95,,,0.0,
01-GUR-NDS-TS125,GUERLAIN AQUA ALLEGORIA NETTARE DI SOLE EDT-S 125ML,3346470142824,45,124.0,28.95,,,0.0,
01-GUR-NV-TS125,GUERLAIN AQUA ALLEGORIA NEROLIA VETIVER EDT-S 125ML,3346470144132,165,127.0,32.95,,,0.0,
01-GU-RUSH-TS75,GUCCI RUSH EDT-S 75ML,8005610328799,812,97.0,33.95,,,0.0,
01-GU-RUSH-TS75-UK,GUCCI RUSH EDT-S 75ML,8005610328799,306,97.0,33.95,,,0.0,
01-HB-DR-PS50,HUGO BOSS HUGO DEEP RED EDP-S 50ML,737052683522,360,54.0,12.99,,,0.0,
01-HB-DR-PS50-UK,HUGO BOSS HUGO DEEP RED EDP-S 50ML,737052683522,95,54.0,12.95,,,0.0,
01-HB-DR-PS90,HUGO BOSS HUGO DEEP RED EDP-S 90ML,737052683553,233,70.0,17.95,,,0.0,
01-HB-DR-PS90-UK,HUGO BOSS HUGO DEEP RED EDP-S 90ML,737052683553,330,70.0,17.25,,,0.0,
01-HB-FEMME-PS75-UK,HUGO BOSS FEMME EDP-S 75ML,737052041353,185,79.0,21.95,,,0.0,
01-HB-ORA-TS30,HUGO BOSS BOSS ORANGE WOMAN EDT-S 30ML,737052238050,1000+,42.0,10.25,,,0.0,
01-HB-ORA-TS30-UK,HUGO BOSS BOSS ORANGE WOMAN EDT-S 30ML,737052238050,1000+,42.0,10.25,,,0.0,
01-HB-ORA-TS50,HUGO BOSS BOSS ORANGE WOMAN EDT-S 50ML,737052238081,721,68.0,11.95,,,0.0,
01-HB-ORA-TS50-UK,HUGO BOSS BOSS ORANGE WOMAN EDT-S 50ML,737052238081,91,68.0,11.95,,,0.0,
01-HB-ORA-TS75,HUGO BOSS BOSS ORANGE WOMAN EDT-S 75ML,737052238128,393,72.0,16.75,,,0.0,
01-HB-ORA-TS75-UK,HUGO BOSS BOSS ORANGE WOMAN EDT-S 75ML,737052238128,1000+,72.0,16.75,,,0.0,
01-HB-SCN-P30-UK,HUGO BOSS THE SCENT LE PARFUM 30ML,3616302681099,211,72.0,19.95,,,0.0,
01-HB-SCN-PS50-UK,HUGO BOSS THE SCENT EDP-S 50ML,8005610298894,536,89.0,25.95,,,0.0,
01-HB-VIE-PS50-UK,HUGO BOSS MA VIE POUR FEMME EDP-S 50ML,737052802770,10,69.0,16.95,,,0.0,
01-HB-VIE-PS75,HUGO BOSS MA VIE POUR FEMME EDP-S 75ML,737052802800,570,90.0,22.5,,,0.0,
01-HB-VIE-TS50,HUGO BOSS MA VIE L'EAU EDT-S 50ML,8005610714912,1000+,77.0,15.25,,,0.0,
01-HB-WOME-PS75,HUGO BOSS BOSS WOMAN EXTREME EDP-S 75ML,737052987569,1000+,65.0,13.95,,,0.0,
01-IM-ADE-PS50-UK,ISSEY MIYAKE A DROP D'ISSEY ESSENTIELLE EDP-S 50ML,3423222090937,282,76.0,13.95,,,0.0,
01-IM-ADE-PS90-UK,ISSEY MIYAKE A DROP D'ISSEY ESSENTIELLE EDP-S 90ML,3423222091019,262,97.0,18.95,,,0.0,
01-IM-AD-PS90,ISSEY MIYAKE A DROP D'ISSEY EDP-S 90ML,3423222010324,1000+,97.0,19.95,,,0.0,
01-IM-FEM-DEO50,ISSEY MIYAKE L'EAU D'ISSEY ROLL ON DEODORANT 50ML,3423470481129,797,29.0,9.5,,,0.0,
01-IM-FEMS-TS100,ISSEY MIYAKE L'EAU D'ISSEY SHADES OF KOLAM EDT-S 100ML,3423478974357,86,44.0,15.95,,,0.0,
01-IM-FEM-TS100-UK,ISSEY MIYAKE L'EAU D'ISSEY POUR FEMME EDT-S 100ML,3423470300161,993,98.0,28.95,,,0.0,
01-IM-FEM-TS25,ISSEY MIYAKE L'EAU D'ISSEY POUR FEMME EDT-S 25ML,3423470480986,1000+,49.0,12.5,,,0.0,
01-IM-FEM-TS50-D,ISSEY MIYAKE L'EAU D'ISSEY POUR FEMME EDT-S 50ML,3423470300154,334,72.0,17.95,,,0.0,
01-IM-FEM-TS50-UK,ISSEY MIYAKE L'EAU D'ISSEY POUR FEMME EDT-S 50ML,3423470300154,1000+,72.0,17.95,,,0.0,
01-IM-MAG-TS100,ISSEY MIYAKE EAU MAGNOLIA EDT-S 100ML,3423222048020,237,101.0,32.5,,,0.0,
01-IM-PIV-TS100,ISSEY MIYAKE EAU PIVOINE EDT-S 100ML,3423222090708,307,101.0,29.95,,,0.0,
01-IM-PPLE-TS50,ISSEY MIYAKE PLEATS PLEASE EDT-S 50ML,3423473947158,1000+,48.0,8.95,,,0.0,
01-JC-BLO-PS100,JIMMY CHOO BLOSSOM EDP-S 100ML,3386460066273,48,76.0,24.5,,,0.0,
01-JC-BLO-PS40,JIMMY CHOO BLOSSOM EDP-S 40ML,3386460066297,1000+,43.0,14.95,,,0.0,
01-JC-BLO-PS60,JIMMY CHOO BLOSSOM EDP-S 60ML,3386460066280,565,58.0,19.95,,,0.0,
01-JC-FEV-PS100-D,JIMMY CHOO FEVER EDP-S 100ML,3386460097321,480,94.0,24.5,New In,,0.0,
01-JC-FEV-PS4.5,JIMMY CHOO FEVER EDP 4.5ML MINI,3386460097376,1000+,12.0,3.25,,,0.0,
01-JC-FEV-PS40,JIMMY CHOO FEVER EDP-S 40ML,3386460097345,1000+,51.0,14.25,New In,,0.0,
01-JC-FLA-PS60,JIMMY CHOO FLASH EDP-S 60ML,3386460048125,778,55.0,21.95,,,0.0,
01-JC-FLO-TS40,JIMMY CHOO FLORAL EDT-S 40ML,3386460103701,1000+,40.0,12.75,,,0.0,
01-JC-ILLIFL-TS100,JIMMY CHOO ILLICIT FLOWER EDT-S 100ML,3386460075343,998,86.0,20.95,,,0.0,
01-JC-ILLI-PS100,JIMMY CHOO ILLICIT EDP-S 100ML,3386460071727,358,95.0,24.5,,,0.0,
01-JC-ILLI-PS60,JIMMY CHOO ILLICIT EDP-S 60ML,3386460071734,1000+,65.0,18.95,,,0.0,
01-JC-IWCF-PS100-D,JIMMY CHOO I WANT CHOO FOREVER EDP-S 100ML,3386460129879,481,94.0,32.95,,,0.0,
01-JC-IWCF-PS100-UK,JIMMY CHOO I WANT CHOO FOREVER EDP-S 100ML,3386460129879,46,94.0,32.95,,,0.0,
01-JC-IWCF-PS4.5,JIMMY CHOO I WANT CHOO FOREVER EDP-S 4.5ML MINI,3386460133340,1000+,12.0,2.75,,,0.0,
01-JC-IWCF-PS40,JIMMY CHOO I WANT CHOO FOREVER EDP-S 40ML,3386460129893,1000+,51.0,17.95,,,0.0,
01-JC-IWCLP-PS100,JIMMY CHOO I WANT CHOO LE PARFUM EDP-S 100ML,3386460141703,194,106.0,42.95,,,0.0,
01-JC-IWCLP-PS40,JIMMY CHOO I WANT CHOO LE PARFUM EDP-S 40ML,3386460142021,1000+,54.0,20.95,,,0.0,
01-JC-IWC-PS40,JIMMY CHOO I WANT CHOO EDP-S 40ML,3386460119276,1000+,51.0,18.5,,,0.0,
01-JC-JC-PS100-D,JIMMY CHOO EDP-S 100ML,3386460025478,1000+,94.0,25.95,,,0.0,
01-JC-JC-PS4.5,JIMMY CHOO EDP 4.5ML MINI,3386460025539,1000+,12.0,3.25,,,0.0,
01-JC-JC-PS40,JIMMY CHOO EDP-S 40ML,3386460025492,1000+,51.0,14.25,,,0.0,
01-JC-JC-TS40,JIMMY CHOO EDT-S 40ML,3386460025522,1000+,45.0,13.25,,,0.0,
01-JC-JC-TS60,JIMMY CHOO EDT-S 60ML,3386460025515,707,59.0,15.95,,,0.0,
01-JC-JC-TS60-D,JIMMY CHOO EDT-S 60ML,3386460025515,574,59.0,15.95,,,0.0,
01-JC-JC-TS60-UK,JIMMY CHOO EDT-S 60ML,3386460025515,98,59.0,15.95,,,0.0,
01-JC-LEAU-TS4.5,JIMMY CHOO L'EAU EDT 4.5ML MINI,3386460073905,1000+,12.0,3.25,,,0.0,
01-JC-LEAU-TS40,JIMMY CHOO L'EAU EDT-S 40ML,3386460073882,1000+,40.0,13.95,,,0.0,
01-JC-RP-PS4.5,JIMMY CHOO ROSE PASSION EDP-S 4.5ML MINI,3386460137607,1000+,12.0,2.75,,,0.0,
01-JC-RP-PS40,JIMMY CHOO ROSE PASSION EDP-S 40ML,3386460137560,329,51.0,12.5,,,0.0,
01-JC-RP-PS60,JIMMY CHOO ROSE PASSION EDP-S 60ML,3386460137553,54,68.0,15.95,,,0.0,
01-JO-FEM-TS100,JOOP FEMME EDT-S 100ML,3414206000059,1000+,50.0,11.95,,,0.0,
01-JP-CLA-TS100-S,JPG CLASSIQUE PRIDE EDITION EDT-S 100ML,8435415091657,857,94.0,41.95,,,0.0,
01-JP-CLA-TS50-D,JPG CLASSIQUE EDT-S 50ML,8435415011310,126,83.0,39.95,,,0.0,
01-JP-SCA-59084,JPG SCANDAL EDP-S 30ML,8435415059084,238,62.0,33.95,,,0.0,
01-JP-SCA-SG200,JPG SCANDAL SHOWER GEL 200ML,8435415007573,37,35.0,14.95,,,0.0,
01-JUC-LALA-PS100,JUICY COUTURE LA LA EDP-S 100ML,719346158657,33,75.0,14.5,,,0.0,
01-KE-FLO-04175-D,KENZO FLOWER EDP-S 50ML,3274872404175,949,77.0,22.95,,,0.0,
01-KE-FLO-20335-D,KENZO FLOWER EDT-S 30ML,3274872420335,93,39.0,14.25,,,0.0,
01-KE-FLO-20342-UK,KENZO FLOWER EDT-S 50ML,3274872420342,104,71.0,20.5,,,0.0,
01-KE-FLO-PS100-UK,KENZO FLOWER EDP-S 100ML,3274872427204,1000+,109.0,31.5,,,0.0,
01-KP-MEOW-PS100,KATY PERRY MEOW EDP-S 100ML,3607343191005,12,60.0,10.5,,,0.0,
01-LAL-PDL-PS100,LALIQUE PERLES DE LALIQUE EDP-S 100ML,3454960021679,216,95.0,16.5,,,0.0,
01-LA-MIR-PS30,LANCOME MIRACLE EDP-S 30ML,3147758029406,551,53.0,18.95,,,0.0,
01-LA-MIR-PS30-UK,LANCOME MIRACLE EDP-S 30ML,3147758029406,1000+,53.0,17.95,,,0.0,
01-LA-MIR-PS50-UK,LANCOME MIRACLE EDP-S 50ML,3147758029390,85,70.0,30.5,,,0.0,
01-LAT-AAOIO-PS100,LATTAFA AMEER AL OUDH INTENSE OUD EDP-S 100ML,6291107458571,123,25.0,8.75,,,0.0,
01-LAT-AA-PS60,LATTAFA ANA ABIYEDH EDP-S 60ML,6291106066890,386,21.0,7.95,,,0.0,
01-LAT-AAR-PS60,LATTAFA ANA ABIYEDH ROUGE EDP-S 60ML,6291107454412,1000+,23.0,7.95,,,0.0,
01-LAT-BAOA-PS100,LATTAFA BADEE AL OUD AMETHYST EDP-S 100ML,6291108733875,43,32.0,13.95,,,0.0,
01-LAT-BAOHG-PS100,LATTAFA BADEE AL OUD HONOR AND GLORY EDP-S 100ML,6290360593135,626,33.0,13.5,,,0.0,
01-LAT-BAOS-PS100,LATTAFA BADEE AL OUD SUBLIME EDP-S 100ML,6290360593142,650,30.0,13.5,,,0.0,
01-LAT-FG-PS100,LATTAFA FAKHAR GOLD EDP-S 100ML,6290360593166,1000+,30.0,11.75,,,0.0,
01-LAT-HAFL-PS100,LATTAFA HAYAATI FLORENCE EDP-S 100ML,6290360593180,718,25.0,7.95,,,0.0,
01-LAT-HA-PS100,LATTAFA HAYAATI EDP-S 100ML,6291107450193,742,25.0,7.95,,,0.0,
01-LAT-HGE-PS100,LATTAFA HAYAATI GOLD ELIXIR EDP-S 100ML,6291107457895,944,18.0,7.95,,,0.0,
01-LAT-MA-PS100,LATTAFA MAYAR EDP-S 100ML,6291108732496,704,25.0,11.25,,,0.0,
01-LA-TMR-PS50,LANCOME TRESOR MIDNIGHT ROSE EDP-S 50ML,3605532423203,377,95.0,25.95,,,0.0,
01-LAT-QAF-PS90,LATTAFA QAED AL FURSAN EDP-S 90ML,6291107455365,290,20.0,7.95,,,0.0,
01-LA-TRE-PS50,LANCOME TRESOR EDP-S 50ML,3147758034912,281,95.0,42.5,,,0.0,
01-LAT-RNR-PS100,LATTAFA RAVE NOW ROUGE EDP-S 100ML,6291108735046,2,36.0,11.95,,,0.0,
01-LAT-YARA-PS100,LATTAFA YARA EDP-S 100ML,6291108730515,498,30.0,11.95,,,0.0,
01-LC-REI-TS50,LACOSTE L.12.12 ROSE EAU INTENSE EDT-S 50ML,3616303459956,1000+,52.0,10.95,,,0.0,
01-LC-TOP-TS50,LACOSTE TOUCH OF PINK EDT-S 50ML,3386460149457,1000+,38.0,14.25,,,0.0,
01-LC-TOP-TS90,LACOSTE TOUCH OF PINK EDT-S 90ML,737052191324,565,65.0,23.95,,,0.0,
01-LN-EDA-PS30,LANVIN ECLAT D'ARPEGE EDP-S 30ML,3386461519457,352,33.0,9.5,,,0.0,
01-MFK-BAC-HM70,MAISON FRANCIS KURKDJIAN BACCARAT ROUGE 540 70ML HAIR MIST,3700559606773,2,75.0,54.95,,,0.0,
01-MFK-BAC-PS35-D,MAISON FRANCIS KURKDJIAN BACCARAT ROUGE 540 PARFUM 35ML,3700559608654,13,155.0,123.95,,,0.0,
01-MH-CDJ-PS100,MILLER HARRIS COEUR DE JARDIN UNISEX EDP-S 100ML,5051198597013,101,140.0,46.95,,,0.0,
01-MH-CG-PS100,MILLER HARRIS CRAFT & GLAMOUR UNISEX EDP-S 100ML,5051198840034,106,135.0,46.95,,,0.0,
01-MH-CIT-PS100,MILLER HARRIS CITRON CITRON UNISEX EDP-S 100ML,5051198036024,110,135.0,46.95,,,0.0,
01-MH-EN-PS100,MILLER HARRIS ETUI NOIR UNISEX EDP-S 100ML,5051198680661,271,140.0,46.95,,,0.0,
01-MH-LD-PS100,MILLER HARRIS LUMIERE DOREE UNISEX EDP-S 100ML,5051198697010,242,140.0,46.95,,,0.0,
01-MH-PDS-PS100,MILLER HARRIS POIRIER D'UN SOIR UNISEX EDP-S 100ML,5051198586666,219,140.0,46.95,,,0.0,
01-MH-RS-PS100,MILLER HARRIS ROSE SILENCE UNISEX EDP-S 100ML,5051198630673,10,140.0,46.95,,,0.0,
01-MH-VI-PS100,MILLER HARRIS VETIVER INSOLENT UNISEX EDP-S 100ML,5051198670679,265,140.0,46.95,,,0.0,
01-MI-SP-TS50,MIU MIU SERIAL PLAYER EDT-S 50ML,3614226513670,142,75.0,10.95,,,0.0,
01-MJ-DAIL-TS30-UK,MARC JACOBS DAISY LOVE EDT-S 30ML,3614225452949,399,52.0,21.95,,,0.0,
01-MJ-DAIL-TS50-UK,MARC JACOBS DAISY LOVE EDT-S 50ML,3614225452079,70,70.0,32.5,,,0.0,
01-MJ-DAI-TS50,MARC JACOBS DAISY EDT-S 50ML,031655513027,129,73.0,30.95,,,0.0,
01-MJ-DEF-95661,MARC JACOBS DAISY EAU SO FRESH POP EDT-S 75ML,3616304895661,120,79.0,34.95,New In,,0.0,
01-MJ-DESF-PS10,MARC JACOBS DAISY EVER SO FRESH EDP-S 10ML,3616303445102,884,20.0,7.95,,,0.0,
01-MJ-DESF-PS30,MARC JACOBS DAISY EVER SO FRESH EDP-S 30ML,3616303423834,1000+,59.0,22.95,,,0.0,
01-MJ-DINT-PS50-UK,MARC JACOBS DAISY EAU SO INTENSE EDP 50ML,3616301776017,395,81.0,29.95,,,0.0,
01-MJ-DOT-PS50-UK,MARC JACOBS DOT EDP-S 50ML,3607342522619,773,75.0,20.5,,,0.0,
01-MJ-DRE-TS100,MARC JACOBS DAISY DREAM EDT-S 100ML,3607349764241,150,99.0,40.95,,,0.0,
01-MJ-DRE-TS100-UK,MARC JACOBS DAISY DREAM EDT-S 100ML,3607349764241,710,99.0,35.95,,,0.0,
01-MJ-DRE-TS30-UK,MARC JACOBS DAISY DREAM EDT-S 30ML,3607349764326,1000+,52.0,21.95,,,0.0,
01-MJ-PERF-PS30-UK,MARC JACOBS PERFECT EDP-S 30ML,3616302777228,539,62.0,28.95,,,0.0,
01-MJ-PERF-TS50-UK,MARC JACOBS PERFECT EDT-S 50ML,3616303461874,463,89.0,28.95,,,0.0,
01-MJ-POP-TS50,MARC JACOBS DAISY POP EDT-S 50ML,3616304895654,120,73.0,30.95,New In,,0.0,
01-MK-SEAM-PS100,MICHAEL KORS SEXY AMBER EDP-S 100ML,022548289655,5,80.0,23.95,,,0.0,
01-MK-SEAM-PS50,MICHAEL KORS SEXY AMBER EDP-S 50ML,022548289662,156,65.0,15.95,,,0.0,
01-MO-CC-TS50-UK,MOSCHINO CHEAP & CHIC EDT-S 50ML,8011003061303,411,61.0,12.95,,,0.0,
01-MO-FC-TS50,MOSCHINO FRESH COUTURE EDT-S 50ML,8011003826704,1000+,61.0,12.95,,,0.0,
01-MO-FUN-91600,MOSCHINO FUNNY EDT-S 50ML,8011003991600,1000+,49.5,9.75,,,0.0,
01-MO-ILL-TS100,MOSCHINO I LOVE LOVE EDT-S 100ML,8011003991457,1000+,78.0,18.5,,,0.0,
01-MO-PB-TS100,MOSCHINO PINK BOUQUET EDT-S 100ML,8011003807871,1000+,78.0,12.95,,,0.0,
01-MO-PB-TS50,MOSCHINO PINK BOUQUET EDT-S 50ML,8011003807864,1000+,61.0,8.95,,,0.0,
01-MO-TOY-PS100-UK,MOSCHINO TOY 2 EDP-S 100ML,8011003839308,290,87.0,29.95,,,0.0,
01-MO-TP-PS100-UK,MOSCHINO TOY PEARL EDP-S 100ML,8011003878611,490,87.0,31.95,,,0.0,
01-PA-FAME-14660-UK,PACO FAME LE PARFUM 80ML,3349668614660,10,138.0,57.95,,,0.0,
01-PA-FAME-P30,PACO FAME LE PARFUM 30ML,3349668614646,80,72.0,33.95,New In,,0.0,
01-PA-FAME-PS30,PACO FAME EDP-S 30ML,3349668594603,504,66.0,30.5,,,0.0,
01-PA-FAME-PS50,PACO FAME EDP-S 50ML,3349668594429,349,98.0,44.5,,,0.0,
01-PA-LAD-12611,PACO LADY MILLION EDP-S 30ML,3349668612611,62,61.0,31.95,,,0.0,
01-PA-LAD-DSP150,PACO LADY MILLION DEO SPRAY 150ML,3349668589999,822,31.0,12.95,,,0.0,
01-PA-LAD-PS30,PACO LADY MILLION EDP-S 30ML,3349668612611,480,61.0,31.95,New In,,0.0,
01-PA-LAD-PS50,PACO LADY MILLION EDP-S 50ML,3349668612604,491,86.0,39.95,,,0.0,
01-PA-LAD-PS50-UK,PACO LADY MILLION EDP-S 50ML,3349668612604,1000+,86.0,36.95,,,0.0,
01-PA-LAD-PS80-UK,PACO LADY MILLION EDP-S 80ML,3349668508587,356,105.0,48.95,,,0.0,
01-PA-LADR-PS30,PACO LADY MILLION ROYAL EDP-S 30ML,3349668617159,20,56.0,29.95,,,0.0,
01-PA-OLYB-PS30,PACO OLYMPEA BLOSSOM EDP-S 30ML,3349668612642,1000+,52.0,20.5,,,0.0,
01-PA-OLY-DSP150,PACO OLYMPEA DEO SPRAY 150ML,3349668528745,412,29.0,11.95,,,0.0,
01-PA-OLYF-PS30,PACO OLYMPEA FLORA EDP-S 80ML,3349668614479,48,114.0,54.95,,,0.0,
01-PA-OLY-PS30,PACO OLYMPEA EDP-S 30ML,3349668613427,892,58.0,30.95,,,0.0,
01-PA-OLY-PS50-UK,PACO OLYMPEA EDP-S 50ML,3349668568093,1000+,83.0,37.95,,,0.0,
01-PA-OLY-PS80,PACO OLYMPEA EDP-S 80ML,3349668612635,180,103.0,48.95,,,0.0,
01-PA-ULTRA-PS80,PACO ULTRAVIOLET EDP-S 80ML,3349666010532,484,88.5,24.95,,,0.0,
01-PP-PALOMA-TS50,PALOMA PICASSO EDT-S 50ML,3614273532990,238,46.99,12.95,,,0.0,
01-PR-PARA-PS50,PRADA PARADOXE EDP-S 50ML,3614273760652,149,97.0,46.95,,,0.0,
01-PR-PARA-PS90,PRADA PARADOXE EDP-S 90ML,3614273760164,326,135.0,67.95,,,0.0,
01-RL-RAL-TS100,RALPH LAUREN RALPH EDT-S 100ML,3360377009363,116,72.0,26.95,,,0.0,
01-SJ-BLOV-PS30,SARAH JESSICA PARKER BORN LOVELY EDP-S 30ML,5060426153501,90,27.0,4.95,,,0.0,
01-SJ-LOVLI-PS100,SARAH JESSICA PARKER LOVELY LIGHTS EDP-S 100ML,5060426157820,92,45.0,7.95,,,0.0,
01-SJ-LOVLI-PS30,SARAH JESSICA PARKER LOVELY LIGHTS EDP-S 30ML,5060426157868,516,42.0,4.95,,,0.0,
01-SJ-LOV-PS100,SARAH JESSICA PARKER LOVELY EDP-S 100ML,5060426150005,1000+,76.0,10.95,,,0.0,
01-SJ-LOV-PS200,SARAH JESSICA PARKER LOVELY EDP-S 200ML,5060426150678,1000+,79.0,14.5,,,0.0,
01-SJ-LOV-PS30,SARAH JESSICA PARKER LOVELY EDP-S 30ML,5060426150029,1000+,19.99,5.25,,,0.0,
01-SJ-LOV-PS50,SARAH JESSICA PARKER LOVELY EDP-S 50ML,5060426150012,1000+,40.0,6.95,,,0.0,
01-SJ-LS-PS100,SARAH JESSICA PARKER LOVELY SHEER EDP-S 100ML,5060426150456,1000+,50.0,8.95,,,0.0,
01-SJ-NYC-BM250,SARAH JESSICA PARKER NYC BODY MIST 250ML,5060426151972,1000+,20.0,4.25,,,0.0,
01-SJ-NYC-PS100,SARAH JESSICA PARKER NYC EDP-S 100ML,5060426150241,1000+,34.99,7.95,,,0.0,
01-SJ-NYC-PS30,SARAH JESSICA PARKER NYC EDP-S 30ML,5060426151798,503,34.0,4.95,,,0.0,
01-SJ-SHEER-BM250,SARAH JESSICA PARKER LOVELY SHEER BODY MIST 250ML,5060426154805,1000+,20.0,2.95,,,0.0,
01-TC-SHEER-TS50-UK,TIFFANY & CO SHEER EDT-S 50ML,3614226969316,81,82.0,35.95,,,0.0,
01-TC-TIF-PS50-UK,TIFFANY & CO EDP-S 50ML,3614222401995,894,99.0,44.5,,,0.0,
01-TF-BO-PS10,TOM FORD BLACK ORCHID EDP-S 10ML,888066069618,390,63.0,20.95,,,0.0,
01-TF-BO-PS100,TOM FORD BLACK ORCHID EDP-S 100ML,888066000079,1000+,152.0,80.95,,,0.0,
01-TF-BO-PS50,TOM FORD BLACK ORCHID EDP-S 50ML,888066000062,44,106.0,60.95,,,0.0,
01-TF-LC-PS50,TOM FORD LOST CHERRY EDP-S 50ML,888066082341,2,290.0,165.95,,,0.0,
01-TF-VO-PS100,TOM FORD VELVET ORCHID EDP-S 100ML,888066023955,129,150.0,77.95,,,0.0,
01-TF-VO-PS50,TOM FORD VELVET ORCHID EDP-S 50ML,888066023948,97,106.0,60.95,,,0.0,
01-TF-WS-PS50,TOM FORD WHITE SUEDE EDP-S 50ML,888066089302,580,220.0,100.95,,,0.0,
01-TM-ALIGSF-PS30,MUGLER ALIEN GODDESS SUPRA FLORALE EDP-S 30ML,3614273927949,1000+,67.0,28.95,,,0.0,
01-TM-ALI-RFPS30-UK,MUGLER ALIEN REFILLABLE TALISMAN EDP-S 30ML,3439600056914,529,67.0,32.95,,,0.0,
01-TM-ALI-TS60,MUGLER ALIEN EDT-S 60ML,3439600056181,607,80.0,34.95,,,0.0,
01-TM-ANG-06417,MUGLER ANGEL EDP-S REFILLABLE 15ML,3614273606417,1000+,33.0,23.95,,,0.0,
01-TM-ANG-56525-UK,MUGLER ANGEL REFILLABLE EDP-S 25ML,3439600056525,251,67.0,32.95,,,0.0,
01-TM-ANG-TS50-UK,MUGLER ANGEL EDT-S 50ML,3439600040920,48,80.0,32.95,,,0.0,
01-VE-BC-TS50-UK,VERSACE BRIGHT CRYSTAL EDT-S 50ML,8011003993819,474,74.0,23.95,,,0.0,
01-VE-EROS-TS100-UK,VERSACE EROS POUR FEMME EDT-S 100ML,8011003827343,113,89.0,35.95,,,0.0,
01-VE-RJ-TS75,VERSACE RED JEANS EDT-S 75ML,8018365270756,1000+,39.0,9.5,,,0.0,
01-VE-VER-PS100,VERSACE WOMAN EDP-S 100ML,8018365250468,1000+,87.0,17.25,,,0.0,
01-VE-VER-PS30,VERSACE WOMAN EDP-S 30ML,8018365250161,200,,11.95,,,0.0,
01-VE-VER-PS50,VERSACE WOMAN EDP-S 50ML,8018365250260,1000+,66.0,12.5,,,0.0,
01-VE-YD-TS90-UK,VERSACE YELLOW DIAMOND EDT-S 90ML,8011003804566,931,95.0,31.95,,,0.0,
01-VR-FB-PS20,VR FLOWERBOMB EDP-S 20ML,3605520983979,1000+,45.0,17.95,,,0.0,
01-VR-FB-PS50,VR FLOWERBOMB EDP-S 50ML,3360374000011,262,92.0,45.95,,,0.0,
01-VW-LOVE-PS100,VERA WANG LOVESTRUCK EDP-S 100ML,3607342166875,1000+,84.0,12.95,,,0.0,
01-VW-PRIN-TS100,VERA WANG PRINCESS EDT-S 100ML,688575179415,1000+,64.0,10.95,,,0.0,
01-VW-WOM-PS100,VERA WANG FOR WOMEN EDP-S 100ML,688575001778,1000+,82.0,10.95,,,0.0,
01-YSL-BOCE-PS50,YSL BLACK OPIUM COLLECTORS EDITION EDP-S 50ML,3614273058513,11,71.0,45.95,,,0.0,
01-YSL-BOIG-PS30,YSL BLACK OPIUM ILLICIT GREEN EDP-S 30ML,3614273642897,700,67.0,30.95,,,0.0,
01-YSL-BON-PS30,YSL BLACK OPIUM NEON EDP-S 30ML,3614272824966,995,65.0,30.95,,,0.0,
01-YSL-BO-PS30,YSL BLACK OPIUM EDP-S 30ML,3365440787858,33,67.0,38.5,,,0.0,
01-YSL-OPI-PS30,YSL OPIUM EDP-S 30ML,3365440556300,144,67.0,36.5,,,0.0,
01-YSL-OPI-PS90,YSL OPIUM EDP-S 90ML,3365440556263,584,120.0,60.95,,,0.0,
01-YSL-OPI-TS50,YSL OPIUM EDT-S 50ML,3365440556461,714,79.0,41.5,,,0.0,
01-YSL-OPI-TS90,YSL OPIUM EDT-S 90ML,3365440556386,671,105.0,52.95,,,0.0,
02-AF-AUTH-TS100,ABERCROMBIE & FITCH AUTHENTIC MAN EDT-S 100ML,085715166012,419,39.0,15.95,,,0.0,
02-AF-AUTH-TS50,ABERCROMBIE & FITCH AUTHENTIC MAN EDT-S 50ML,085715166029,104,45.0,13.5,,,0.0,
02-AF-FIER-CS100,ABERCROMBIE & FITCH FIERCE EDC-S 100ML,085715169587,390,80.0,42.5,,,0.0,
02-AF-FIER-CS200,ABERCROMBIE & FITCH FIERCE EDC-S 200ML,085715169594,547,118.0,54.5,,,0.0,
02-AFN-9AM-PS100,AFNAN 9AM EDP-S 100ML,6290171002345,65,45.0,15.25,,,0.0,
02-AFN-9PM-PS100,AFNAN 9PM EDP-S 100ML,6290171002338,1000+,45.0,13.95,,,0.0,
02-AFN-SG-PS100,AFNAN SUPREMACY GOLD EDP-S 100ML,6290171000983,23,50.0,14.95,,,0.0,
02-AFN-SIH-PS100,AFNAN SUPREMACY IN HEAVEN EDP-S 100ML,6290171002253,227,50.0,14.95,,,0.0,
02-AFN-SIO-PS150,AFNAN SUPREMACY IN OUD EDP-S 150ML,6290171072768,94,60.0,24.95,,,0.0,
02-AFN-SNOI-PS100,AFNAN SUPREMACY NOT ONLY INTENSE EDP-S 100ML,6290171070214,237,80.0,24.95,New In,,0.0,
02-AFN-SN-PS100,AFNAN SUPREMACY NOIR EDP-S 100ML,6290171001614,26,45.0,14.95,,,0.0,
02-AFN-SS-PS100,AFNAN SUPREMACY SILVER EDP-S 100ML,6290171000976,78,45.0,14.95,,,0.0,
02-AFN-TB-PS90,AFNAN TURATHI BLUE EDP-S 90ML,6290171070580,28,40.0,16.25,,,0.0,
02-ALH-AOB-PS100,AL HARAMAIN AMBER OUD BLACK EDP-S 100ML,6291100132317,74,80.0,25.95,,,0.0,
02-ALH-AOB-PS60,AL HARAMAIN AMBER OUD BLACK EDP-S 60ML,6291100132287,117,65.0,20.95,,,0.0,
02-ALH-AOC-PS60,AL HARAMAIN AMBER OUD CARBON EDP-S 60ML,6291100130467,55,65.0,25.95,,,0.0,
02-AP-COL-CS50,A DI PARMA COLONIA EDC-S 50ML,8028713000089,130,104.0,37.5,,,0.0,
02-AP-COL-DST75,A DI PARMA COLONIA DEO STICK 75ML,8028713250606,11,31.0,16.95,,,0.0,
02-AP-ESS-CS50,A DI PARMA COLONIA ESSENZA EDC-S 50ML (22001),8028713220012,44,75.0,37.95,,,0.0,
02-AP-OUD-BW300,A DI PARMA OUD HAND AND BODY WASH 300ML,8028713813597,187,63.0,22.95,,,0.0,
02-AR-ADG-AS100-D,ARMANI ACQUA DI GIO HOMME AS 100ML,3360372058885,118,89.0,23.95,,,0.0,
02-AR-ADG-DST75,ARMANI ACQUA DI GIO DEO STICK 75G,3360372060734,92,31.0,13.5,,,0.0,
02-AR-ADG-TS30,ARMANI ACQUA DI GIO MEN EDT-S 30ML,3360372058939,96,52.0,22.95,,,0.0,
02-AR-ADG-TS30DUO-UK,ARMANI ACQUA DI GIO MEN EDT-S 30ML DUO PACK,3660732641499,407,65.0,37.95,,,0.0,
02-AR-COD-36513,ARMANI CODE MAN EDT-S 125ML,3614273636513,89,105.0,48.95,,,0.0,
02-AR-CODLP-PS75,ARMANI CODE LE PARFUM EDP-S 75ML,3614273604833,177,88.0,52.95,,,0.0,
02-AR-COD-PS50,ARMANI CODE MAN EDP-S 50ML,3614273636445,41,72.0,41.95,,,0.0,
02-AR-COD-TS15,ARMANI CODE MAN EDT-S 15ML,3614273636469,662,30.0,12.95,,,0.0,
02-AR-COD-TS200,ARMANI CODE MAN EDT-S 200ML,8431240392181,95,120.0,71.95,,,0.0,
02-AR-COD-TS75,ARMANI CODE MAN EDT-S 75ML,3614273636568,36,82.0,45.95,,,0.0,
02-AR-DIA-TS75,ARMANI EMPORIO DIAMONDS FOR MEN EDT-S 75ML,3605520381096,1000+,70.0,23.95,,,0.0,
02-AR-EMP-TS50,ARMANI EMPORIO HE EDT-S 50ML,3614273070232,187,57.0,21.95,,,0.0,
02-AR-HE-TS100,ARMANI EMPORIO HE EDT-S 100ML,3614274222142,1000+,68.0,27.95,,,0.0,
02-ARM-CLNI-TS105,ARMAF CLUB DE NUIT INTENSE EDT-S 105ML,6085010044712,1000+,69.0,15.95,,,0.0,
02-AR-SWUA-P100,ARMANI STRONGER WITH YOU ABSOLUTELY PARFUM EDP-S 100ML,3614273336383,17,99.0,57.95,,,0.0,
02-AR-SWUO-TS50,ARMANI STRONGER WITH YOU ONLY EDT-S 50ML,3614273629003,1000+,58.0,28.95,,,0.0,
02-AR-SWU-TS100-UK,ARMANI STRONGER WITH YOU POUR HOMME EDT-S 100ML,3605522040588,401,85.0,42.95,,,0.0,
02-AR-VD-PS100-UK,ARMANI PRIVE VETIVER D'HIVER EDT-S 100ML,3614272798694,5,150.0,90.95,,,0.0,
02-AR-VERT-PS100-UK,ARMANI PRIVE VERT MALACHITE EDP-S 100ML,3614271063700,11,290.0,164.95,,,0.0,
02-AS-AS-TS110,ARAMIS ARAMIS EDT-S 110ML,022548006719,1000+,72.0,9.95,,,0.0,
02-AS-AS-TS240,ARAMIS ARAMIS EDT-S 240ML,022548386231,1000+,90.0,18.5,,,0.0,
02-AZ-HL-DSP150,AZZARO HOMME DEODORANT SPRAY 150ML,3351500021079,1000+,20.0,3.95,,,0.0,
02-BE-AZ-TS100,BENTLEY AZURE EDT-S 100ML,7640111505631,394,59.5,13.95,,,0.0,
02-BE-INT-PS100,BENTLEY INTENSE EDP-S 100ML,7640111497547,1000+,72.0,14.95,,,0.0,
02-BE-MEN-TS100,BENTLEY FOR MEN EDT-S 100ML,7640111497394,458,60.0,13.95,,,0.0,
02-BU-BT-TS50,BURBERRY TOUCH EDT-S 50ML,3614227748729,1000+,56.0,15.95,,,0.0,
02-BU-FM-TS50,BURBERRY FOR MEN EDT-S 50ML,3614226905789,176,56.0,14.95,,,0.0,
02-BU-HERO-P100-UK,BURBERRY HERO PARFUM 100ML,3616304679445,53,135.0,58.95,,,0.0,
02-BU-HERO-P50-UK,BURBERRY HERO PARFUM 50ML,3616304679452,49,94.0,41.95,,,0.0,
02-BU-HERO-PS100-UK,BURBERRY HERO EDP-S 100ML,3614228838016,186,137.0,48.95,,,0.0,
02-BU-HERO-PS50-UK,BURBERRY HERO EDP-S 50ML,3614228838030,167,78.0,36.95,,,0.0,
02-BU-HERO-TS100-UK,BURBERRY HERO FOR MEN EDT-S 100ML,3614229820799,188,89.0,44.95,,,0.0,
02-BU-HERO-TS50-UK,BURBERRY HERO FOR MEN EDT-S 50ML,3614229820782,217,65.0,32.95,,,0.0,
02-BU-LON-TS100,BURBERRY LONDON MEN EDT-S 100ML,3614226905215,1000+,79.0,20.5,,,0.0,
02-BU-LON-TS50,BURBERRY LONDON MEN EDT-S 50ML,3614226904997,1000+,45.0,16.95,,,0.0,
02-BU-MR-TS50,BURBERRY MR BURBERRY EDT-S 50ML,3614229840117,156,69.0,20.95,,,0.0,
02-BU-TOUCH-TS100,BURBERRY TOUCH FOR MEN EDT-S 100ML,3614227748682,1000+,79.0,18.95,,,0.0,
02-BU-WKND-TS100,BURBERRY WEEKEND MEN EDT-S 100ML,3614227748446,1000+,79.0,18.95,,,0.0,
02-BU-WKND-TS30,BURBERRY WEEKEND MEN EDT-S 30ML,3614227748521,263,26.0,10.95,,,0.0,
02-BU-WKND-TS50,BURBERRY WEEKEND MEN EDT-S 50ML,3614227748484,1000+,45.0,14.95,,,0.0,
02-BVL-MNBLK-PS60-UK,BVLGARI MAN IN BLACK EDP-S 60ML,783320413841,93,81.0,42.95,,,0.0,
02-BVL-MWE-PS60-UK,BVLGARI MAN WOOD ESSENCE EDP-S 60ML,783320461019,167,81.0,36.95,,,0.0,
02-BYR-EH-PS50,BYREDO ELEVENTH HOUR EDP-S 50ML,7340032821048,187,150.0,77.95,,,0.0,
02-CD-DUN-TS100,DIOR DUNE EDT-S 100ML,3348900321861,18,97.0,65.95,,,0.0,
02-CD-FAH-TS100,DIOR FAHRENHEIT EDT-S 100ML,3348900012219,541,104.0,67.95,,,0.0,
02-CD-FAH-TS50,DIOR FAHRENHEIT EDT-S 50ML,3348900012189,704,75.0,47.95,,,0.0,
02-CD-HIN-PS100,DIOR HOMME INTENSE EDP-S 100ML,3348900838185,37,118.0,72.95,,,0.0,
02-CD-HIN-PS150,DIOR HOMME INTENSE EDP-S 150ML,3348901001120,151,147.0,94.5,,,0.0,
02-CD-HIN-PS50,DIOR HOMME INTENSE EDP-S 50ML,3348900838178,119,85.0,52.5,,,0.0,
02-CD-HOMESP-TS125,DIOR HOMME SPORT EDT-S 125ML,3348901580069,153,120.0,69.5,,,0.0,
02-CD-HOMESP-TS75,DIOR HOMME SPORT EDT-S 75ML,3348901580076,167,86.0,53.95,,,0.0,
02-CD-HOM-TS100,DIOR HOMME EDT-S 100ML,3348901419147,243,104.0,65.5,,,0.0,
02-CD-SAU-53261,DIOR SAUVAGE AFTERSHAVE BALM 100ML,3348901553261,292,54.0,35.95,,,0.0,
02-CD-SAU-AS100,DIOR SAUVAGE AFTERSHAVE LOTION 100ML,3348901250269,146,60.0,39.95,,,0.0,
02-CD-SAU-DSP150,DIOR SAUVAGE DEO SPRAY 150ML,3348901250276,148,40.0,20.95,,,0.0,
02-CD-SAU-DST75,DIOR SAUVAGE DEO STICK 75G,3348901292276,404,40.0,21.5,,,0.0,
02-CD-SAUEF-P100,DIOR SAUVAGE EAU FORTE PARFUM SPRAY 100ML,3348901728836,7,143.0,135.95,,,0.0,
02-CD-SAUEF-P60,DIOR SAUVAGE EAU FORTE PARFUM SPRAY 60ML,3348901728829,8,103.0,97.95,,,0.0,
02-CD-SAUEL-PS60,DIOR SAUVAGE ELIXIR EDP-S 60ML,3348901567572,118,143.0,93.95,,,0.0,
02-CD-SAU-P60,DIOR SAUVAGE PARFUM SPRAY 60ML,3348901486392,105,103.0,68.95,,,0.0,
02-CD-SAU-PS200,DIOR SAUVAGE EDP-S 200ML,3348901428545,25,170.0,112.95,,,0.0,
02-CD-SAU-SG250,DIOR SAUVAGE SHOWER GEL 250ML,3348901553254,58,48.0,30.95,,,0.0,
02-CD-SAU-TS200,DIOR SAUVAGE EDT-S 200ML,3348901321129,28,150.0,97.95,,,0.0,
02-CER-HOM-2743,CERRUTI 1881 POUR HOMME EDT-S 100ML,5050456522743,1000+,58.0,14.75,,,0.0,
02-CER-HOM-DSP150,CERRUTI 1881 HOMME DEODORANT SPRAY 150ML,5050456524372,208,24.0,5.45,,,0.0,
02-CER-HOM-TS25,CERRUTI 1881 POUR HOMME EDT-S 25ML,5050456522774,152,27.0,7.5,,,0.0,
02-CER-HOM-TS50,CERRUTI 1881 POUR HOMME EDT-S 50ML,5050456522750,1000+,39.0,11.25,,,0.0,
02-CHA-ALHS-3X20,CHANEL ALLURE HOMME SPORT EDT-S 3 X 20ML,3145891238006,48,90.0,68.95,,,0.0,
02-CHA-ALHSC-TS100,CHANEL ALLURE HOMME SPORT COLOGNE EDT-S 100ML,3145891233209,2,104.0,80.95,,,0.0,
02-CHA-BLEU-AS100,BLEU DE CHANEL AFTERSHAVE 100ML,3145891070705,23,60.0,44.95,,,0.0,
02-CHA-BLEU-DS100,BLEU DE CHANEL DEO SPRAY 100ML,3145891079302,51,40.0,28.95,,,0.0,
02-CHA-BLEUP-PS50,BLEU DE CHANEL PARFUM SPRAY 50ML,3145891071702,16,103.0,83.95,,,0.0,
02-CHE-212-06804,CAROLINA HERRERA 212 MEN NYC DEO SPRAY 150ML,8411061906804,1000+,26.5,8.95,,,0.0,
02-CHE-BBE-PS50-UK,CAROLINA HERRERA BAD BOY EXTREME EDP-S 50ML,8411061057193,138,69.5,37.95,,,0.0,
02-CHE-BB-TS100-UK,CAROLINA HERRERA BAD BOY EDT-S 100ML,8411061099728,52,87.5,46.5,,,0.0,
02-CHE-VIPB-PS100,CAROLINA HERRERA 212 VIP BLACK EDP-S 100ML,8411061043844,81,78.5,38.95,,,0.0,
02-CK-BE-TS100-UK,CK BE EDT-S 100ML,088300104406,620,53.0,11.95,,,0.0,
02-CK-CK1-DST75,CK ONE DEO STICK 75G,088300108978,1000+,13.0,5.25,,,0.0,
02-CK-CKC-TS100,CK CONTRADICTION FOR MEN EDT-S 100ML,088300000319,696,52.0,14.75,,,0.0,
02-CK-DEFY-PS100,CK DEFY PARFUM SPRAY 100ML,3616304183621,833,79.0,26.95,,,0.0,
02-CK-ESC-TS100,CK ESCAPE FOR MEN EDT-S 100ML,088300100514,1000+,58.0,15.95,,,0.0,
02-CK-ETE-AS100,CK ETERNITY AS 100ML,088300605538,1000+,40.0,9.99,,,0.0,
02-CK-ETEF-TS100,CK ETERNITY FLAME FOR MEN EDT-S 100ML,3614225670435,1000+,59.0,13.25,,,0.0,
02-CK-ETE-TS100-UK,CK ETERNITY EDT-S 100ML,088300605514,287,79.0,18.95,,,0.0,
02-CK-ETE-TS30,CK ETERNITY EDT-S 30ML,088300605385,1000+,42.0,10.95,,,0.0,
02-CK-ETE-TS30-UK,CK ETERNITY EDT-S 30ML,088300605385,534,42.0,10.95,,,0.0,
02-CK-EUP-AS100,CK EUPHORIA MEN AS 100ML,088300178339,413,40.0,11.95,,,0.0,
02-CK-EUP-TS100,CK EUPHORIA MEN EDT-S 100ML,088300178278,1000+,78.0,18.95,,,0.0,
02-CK-EUP-TS50,CK EUPHORIA MEN EDT-S 50ML,088300178315,1000+,56.0,13.95,,,0.0,
02-CK-IN2U-TS100,CALVIN KLEIN CKIN2U HIM EDT-S 100ML,088300196890,1000+,55.0,10.9,,,0.0,
02-CK-IN2U-TS50,CALVIN KLEIN CKIN2U HIM EDT-S 50ML,088300196920,1000+,33.0,9.5,,,0.0,
02-CK-MAN-TS100,CK MAN EDT-S 100ML,031655644851,1000+,66.0,12.5,,,0.0,
02-CK-OBNI-TS125,CK OBSESSION NIGHT EDT-S 125ML,088300150458,1000+,62.0,10.95,,,0.0,
02-CK-OBS-DSP152,CALVIN KLEIN OBSESSION FOR MEN DEODRANT SPRAY 152ML,3607342367067,740,21.0,4.99,,,0.0,
02-CK-OBS-TS125,CK OBSESSION EDT-S 125ML,088300606511,1000+,78.0,12.95,,,0.0,
02-CK-SHO-TS100,CK ONE SHOCK FOR HIM EDT-S 100ML,3607342401341,538,45.0,10.95,,,0.0,
02-CQ-HAP-CS100,CLINIQUE HAPPY COLOGNE EDT-S 100ML,020714080310,327,68.0,12.5,,,0.0,
02-CQ-HAP-CS50,CLINIQUE HAPPY COLOGNE EDT-S 50ML,020714080303,1000+,46.0,8.25,,,0.0,
02-CR-GIT-PS100,CREED GREEN IRISH TWEED EDP-S 100ML,3508441001022,16,265.0,146.95,,,0.0,
02-CR-MILIM-PS100,CREED MILLESIME IMPERIAL EDP-S 100ML,3508441001039,19,245.0,130.95,,,0.0,
02-CR-MILIM-PS50,CREED MILLESIME IMPERIAL EDP-S 50ML,3508440505033,43,190.0,99.95,,,0.0,
02-CR-ORSAN-PS100,CREED ORIGINAL SANTAL EDP-S 100ML,3508441001107,8,245.0,135.95,,,0.0,
02-CR-ROYOU-PS50,CREED ROYAL OUD EDP-S 50ML,3508440505125,2,195.0,105.95,,,0.0,
02-CR-SILMO-PS100,CREED SILVER MOUNTAIN WATER EDP-S 100ML,3508441001053,416,265.0,135.95,,,0.0,
02-CR-SILMO-PS30,CREED SILVER MOUNTAIN WATER EDP-S 30ML,3508440251671,91,165.0,83.95,,,0.0,
02-CR-VIK-CS100,CREED VIKING COLOGNE EDP 100ML,3508441001381,19,265.0,134.95,,,0.0,
02-CR-VIK-PS100,CREED VIKING EDP-S 100ML,3508441001169,53,295.0,171.95,,,0.0,
02-CR-VIW-PS100,CREED VIRGIN ISLAND WATER EDP-S 100ML,3508441001138,13,245.0,130.95,,,0.0,
02-CR-VIW-PS50,CREED VIRGIN ISLAND WATER EDP-S 50ML,3508440505132,14,175.0,98.95,,,0.0,
02-CT-DEC-TS50-UK,CARTIER DECLARATION EDT-S 50ML,3432240502117,1000+,73.0,25.95,,,0.0,
02-CT-PASNO-TS50-UK,CARTIER PASHA EDITION NOIRE EDT-S 50ML,3432240506245,412,73.0,26.5,,,0.0,
02-DAV-CW-AS125,DAVIDOFF COOL WATER AFTER SHAVE 125ML,3414202000664,1000+,45.0,10.65,,,0.0,
02-DAV-CW-AS75,DAVIDOFF COOL WATER AFTER SHAVE 75ML,3414202000626,1000+,45.0,8.5,,,0.0,
02-DAV-CW-DSP150,DAVIDOFF COOL WATER DEO SPRAY 150ML,3614223708741,1000+,18.0,4.25,,,0.0,
02-DAV-CW-DST70,DAVIDOFF COOL WATER DEO STICK 70G,3607342727120,894,20.0,4.95,,,0.0,
02-DAV-CWOE-TS125,DAVIDOFF COOL WATER OCEANIC EDITION EDT-S 125ML,3616303467371,624,52.0,11.5,,,0.0,
02-DAV-CW-TS125-UK,DAVIDOFF COOL WATER EDT-S 125ML,3414202000572,1000+,59.0,15.95,,,0.0,
02-DAV-CW-TS40-UK,DAVIDOFF COOL WATER EDT-S 40ML,3414202000510,1000+,32.0,9.95,,,0.0,
02-DAV-CW-TS75,DAVIDOFF COOL WATER EDT-S 75ML,3414202000565,579,44.0,13.5,,,0.0,
02-DAV-GAME-TS100,DAVIDOFF THE GAME EDT-S 100ML,3607341186805,1000+,60.0,11.95,,,0.0,
02-DAV-HW-TS110-UK,DAVIDOFF HOT WATER EDT-S 110ML,3607344163773,191,60.0,11.5,,,0.0,
02-DG-K-PS100,D&G K EDP-S 100ML,3423473101253,6,93.0,37.95,,,0.0,
02-DG-K-TS100,D&G K EDT-S 100ML,3423473049456,115,94.0,29.95,,,0.0,
02-DG-LB-BS125,D&G LIGHT BLUE BODY SPRAY 125ML,3423473151951,831,21.0,10.9,,,0.0,
02-DG-ONE-TS100-UK,D&G THE ONE FOR MEN EDT-S 100ML,8057971180509,88,88.0,40.95,,,0.0,
02-DG-ONE-TS30-UK,D&G THE ONE FOR MEN EDT-S 30ML,3423473021223,1000+,69.0,23.95,,,0.0,
02-DG-TOGI-TS100,D&G THE ONE GREY INTENSE EDT-S 100ML,3423478563650,614,76.0,37.95,,,0.0,
02-DI-BAD-BS200,DIESEL BAD BODY SPRAY 200ML,3614273959223,1000+,20.0,4.95,,,0.0,
02-DI-D-TS30-UK,DIESEL D BY DIESEL EDT-S 30ML,3614273694759,59,40.0,9.95,,,0.0,
02-DI-D-TS50-UK,DIESEL D EDT-S 50ML,3614273694766,16,57.0,12.95,,,0.0,
02-DI-FFL-BS200,DIESEL FUEL FOR LIFE BODY SPRAY 200ML,3614273959193,1000+,20.0,4.95,,,0.0,
02-DI-FFL-TS50,DIESEL FUEL 4 LIFE EDT-S 50ML,3614272608603,616,53.5,11.95,,,0.0,
02-DI-OTB-BS200,DIESEL ONLY THE BRAVE BODY SPRAY 200ML,3614273797207,1000+,20.0,4.95,,,0.0,
02-DI-OTB-TS35-UK,DIESEL ONLY THE BRAVE EDT-S 35ML,3605520679957,1000+,45.5,11.95,,,0.0,
02-DI-OTBT-TS75-UK,DIESEL ONLY THE BRAVE TATTOO EDT-S 75ML,3605521534132,125,58.0,20.95,,,0.0,
02-DK-ENE-TS100,DKNY ENERGIZING EDT-S 100ML,085715950321,814,62.0,14.95,,,0.0,
02-DSQ-GREW-TS100,DSQUARED2 GREEN WOOD POUR HOMME EDT-S 100ML,8011003852741,1000+,77.0,18.5,New In,,0.0,
02-DU-DRED-TS100,DUNHILL DESIRE RED EDT-S 100ML,085715801067,346,41.0,17.25,,,0.0,
02-DU-DRED-TS150,DUNHILL DESIRE RED EDT-S 150ML,085715801128,11,70.0,19.95,,,0.0,
02-DU-DR-TS60,DUNHILL DRIVEN EDT-S 60ML,085715807748,1000+,49.0,6.25,,,0.0,
02-EL-PLS-CS100,ESTEE LAUDER PLEASURES EDC-S 100ML,027131521433,1000+,71.0,12.5,,,0.0,
02-FLO-BDP-PS100,FLORIS BERGAMOTTO DI POSITANO EDP-S 100ML,886266391041,21,180.0,59.95,,,0.0,
02-FLO-ELI-TS100,FLORIS ELITE EDT-S 100ML,886266301149,109,110.0,40.95,,,0.0,
02-FLO-HO-PS100,FLORIS HONEY OUD EDP-S 100ML,886266471040,69,180.0,76.95,,,0.0,
02-FLO-JS-PS100,FLORIS JERMYN STREET EDP-S 100ML,886266451042,21,180.0,59.95,,,0.0,
02-FLO-LO-PS100,FLORIS LEATHER OUD EDP-S 100ML,886266461041,33,180.0,76.95,,,0.0,
02-FLO-NEN-TS100,FLORIS NO EIGHTY NINE EDT-S 100ML,886266311148,107,110.0,40.95,,,0.0,
02-FLO-SA-TS100,FLORIS SANTAL EDT-S 100ML,886266321147,77,110.0,40.95,,,0.0,
02-FLO-SOST-PS100,FLORIS SEVENTY ONE SEVENTY TWO EDP-S 100ML,886266741044,21,180.0,76.95,,,0.0,
02-FLO-SOTS-TS100,FLORIS SPECIAL ONE TWO SEVEN EDT-S 100ML,886266121143,21,110.0,34.95,,,0.0,
02-GU-GUI-94615,GUCCI GUILTY POUR HOMME PARFUM SPRAY 50ML,3616301794615,38,90.0,38.95,,,0.0,
02-GU-GUI-94615-UK,GUCCI GUILTY POUR HOMME PARFUM SPRAY 50ML,3616301794615,4,90.0,38.95,,,0.0,
02-GU-GUIB-TS50-UK,GUCCI GUILTY BLACK EDT-S 50ML,737052626345,173,69.0,31.95,,,0.0,
02-GU-GUI-TS50-UK,GUCCI GUILTY POUR HOMME EDT-S 50ML,737052339207,878,64.0,35.95,,,0.0,
02-GU-GULE-TS50-UK,GUCCI GUILTY LOVE EDITION 2021 EDT-S 50ML,3616301394532,178,55.0,24.95,,,0.0,
02-HB-BB-AS100-UK,HUGO BOSS BOTTLED AFTER SHAVE 100ML,737052351186,119,61.0,19.95,,,0.0,
02-HB-BB-AS50-UK,HUGO BOSS BOTTLED AFTER SHAVE 50ML,737052351155,436,45.0,16.95,,,0.0,
02-HB-BB-DS150,HUGO BOSS BOSS BOTTLED DEO SPRAY 150ML,737052355054,850,24.0,6.5,,,0.0,
02-HB-BBI-PS100,HUGO BOSS BOTTLED INFINITE EDP-S 100ML,3614228220897,238,84.0,35.95,,,0.0,
02-HB-BBI-PS100-UK,HUGO BOSS BOTTLED INFINITE EDP-S 100ML,3614228220897,299,84.0,33.95,,,0.0,
02-HB-BBI-PS50-UK,HUGO BOSS BOTTLED INFINITE EDP-S 50ML,3614228220903,96,62.0,24.95,,,0.0,
02-HB-BBN-TS200,HUGO BOSS BOSS BOTTLED NIGHT EDT-S 200ML,737052488257,866,119.0,41.95,,,0.0,
02-HB-BB-TS100-UK,HUGO BOSS BOSS BOTTLED EDT-S 100ML,737052351100,536,84.0,31.95,,,0.0,
02-HB-BB-TS30,HUGO BOSS BOSS BOTTLED EDT-S 30ML,737052351001,17,47.0,18.5,,,0.0,
02-HB-BB-TS30-UK,HUGO BOSS BOSS BOTTLED EDT-S 30ML,737052351001,317,47.0,17.5,,,0.0,
02-HB-BB-TS50-UK,HUGO BOSS BOSS BOTTLED EDT-S 50ML,737052351018,1000+,59.0,19.95,,,0.0,
02-HB-BBU-TS200-UK,HUGO BOSS BOSS BOTTLED UNLIMITED EDT-S 200ML,8005610298030,410,87.0,34.5,,,0.0,
02-HB-DB-TS75,HUGO BOSS DARK BLUE EDT-S 75ML,737052031415,1000+,50.0,15.25,,,0.0,
02-HB-ENE-TS75,HUGO BOSS ENERGISE EDT-S 75ML,3616301623373,56,54.0,16.25,,,0.0,
02-HB-ENE-TS75-UK,HUGO BOSS ENERGISE EDT-S 75ML,3616301623373,123,54.0,15.5,,,0.0,
02-HB-HUG-TS125-UK,HUGO BOSS MAN EDT-S 125ML,3614229823806,1000+,72.0,21.5,,,0.0,
02-HB-HUG-TS40-UK,HUGO BOSS MAN EDT-S 40ML,3614229823783,492,42.0,12.95,,,0.0,
02-HB-HUG-TS75-UK,HUGO BOSS MAN EDT-S 75ML,3614229823790,1000+,58.0,14.95,,,0.0,
02-HB-ICED-TS75,HUGO BOSS ICED EDT-S 75ML,3616301623410,1000+,59.0,15.5,,,0.0,
02-HB-ICED-TS75-UK,HUGO BOSS ICED EDT-S 75ML,3616301623410,375,59.0,15.5,,,0.0,
02-HB-JD-TS40-UK,HUGO BOSS JUST DIFFERENT EDT-S 40ML,3614229823868,585,42.0,13.5,,,0.0,
02-HB-JD-TS75,HUGO BOSS JUST DIFFERENT EDT-S 75ML,3616304076978,1000+,56.0,15.95,,,0.0,
02-HB-JD-TS75-UK,HUGO BOSS JUST DIFFERENT EDT-S 75ML,3616304076978,102,56.0,15.95,,,0.0,
02-HB-MAN-DS150,HUGO BOSS MAN DEO SPRAY 150ML,8005610340784,154,24.0,5.95,,,0.0,
02-HB-MOT-TS100,HUGO BOSS BOSS IN MOTION EDT-S 100ML,3616301623311,77,72.0,17.95,,,0.0,
02-HB-MOT-TS100-UK,HUGO BOSS BOSS IN MOTION EDT-S 100ML,3616301623311,211,72.0,17.95,,,0.0,
02-HB-ORA-TS100,HUGO BOSS BOSS ORANGE MAN EDT-S 100ML,3616301623359,1000+,72.0,15.95,,,0.0,
02-HB-SCN-TS50-UK,HUGO BOSS THE SCENT EDT-S 50ML,737052972268,336,62.0,23.95,,,0.0,
02-HB-SEL-TS100-UK,HUGO BOSS SELECTION EDT-S 100ML,3616301623298,643,70.0,17.5,,,0.0,
02-HE-TER-DST75,HERMES TERRE D'HERMES DEO STICK 75ML,3346130009931,177,37.0,17.95,,,0.0,
02-HE-TER-TS100-UK,HERMES TERRE D'HERMES EDT-S 100ML,3346130009603,231,94.0,44.95,,,0.0,
02-HE-TER-TS30,HERMES TERRE D'HERMES REFILLABLE EDT-S 30ML,3346130009702,378,64.0,27.5,,,0.0,
02-HE-TER-TS50-UK,HERMES TERRE D'HERMES EDT-S 50ML,3346130009610,589,74.0,33.95,,,0.0,
02-IM-BLEUE-TS75,ISSEY MIYAKE L'EAU BLEUE D'ISSEY POUR HOMME EDT-S 75ML,3423470485189,1000+,40.0,16.5,,,0.0,
02-IM-FUS-TS50,ISSEY MIYAKE FUSION D'ISSEY EDT-S 50ML,3423478974555,1000+,59.0,13.5,,,0.0,
02-IM-HOM-AS100,ISSEY MIYAKE LEAU D'ISSEY HOMME AFTERSHAVE LOTION 100ML,3423470311419,1000+,46.0,14.95,,,0.0,
02-IM-HOM-TS125-D,ISSEY MIYAKE L'EAU D'ISSEY POUR HOMME EDT-S 125ML,3423470311365,723,92.0,22.5,,,0.0,
02-IM-HOM-TS125-UK,ISSEY MIYAKE L'EAU D'ISSEY POUR HOMME EDT-S 125ML,3423470311365,297,92.0,22.5,,,0.0,
02-IM-HOM-TS200-UK,ISSEY MIYAKE LEAU D'ISSEY POUR HOMME EDT-S 200ML,3423470485448,280,100.0,33.5,,,0.0,
02-IM-HOM-TS40,ISSEY MIYAKE L'EAU D'ISSEY EDT-S 40ML,3423470485547,1000+,49.0,12.25,,,0.0,
02-IM-HOM-TS75-UK,ISSEY MIYAKE L'EAU D'ISSEY POUR HOMME EDT-S 75ML,3423470311358,1000+,62.0,16.5,,,0.0,
02-IM-HOMX2-TS40,ISSEY MIYAKE L'EAU D'ISSEY POUR HOMME EDT-S 40ML X 2,3423478501751,199,70.0,27.95,,,0.0,
02-IM-IGO-TS20,ISSEY MIYAKE L'EAU D'ISSEY IGO EDT-S 20ML,3423478972759,39,25.0,8.5,,,0.0,
02-IM-INT-TS125,ISSEY MIYAKE L'EAU D'ISSEY INTENSE EDT-S 125ML,3423470486018,1000+,72.0,16.95,,,0.0,
02-IM-NUIT-DSP150,ISSEY MIYAKE NUIT D'ISSEY DEO SPRAY 150ML,3423474889358,1000+,27.0,9.95,,,0.0,
02-IM-NUIT-PS75,ISSEY MIYAKE NUIT D'ISSEY EDP-S 75ML,3423474884155,345,69.0,18.95,,,0.0,
02-IM-NUIT-TS75,ISSEY MIYAKE NUIT D'ISSEY EDT-S 75ML,3423474874651,1000+,64.0,13.75,,,0.0,
02-IM-SPORT-TS100,ISSEY MIYAKE L'EAU D'ISSEY POUR HOMME SPORT EDT-S 100ML,3423474867158,1000+,71.0,14.25,,,0.0,
02-IM-SPORT-TS50,ISSEY MIYAKE L'EAU D'ISSEY POUR HOMME SPORT EDT-S 50ML,3423474867059,1000+,51.0,10.95,,,0.0,
02-JAB-007-CS30,JAMES BOND 007 COLOGNE SPRAY 30ML,8005610711591,1000+,20.0,3.5,,,0.0,
02-JC-MANAQ-TS30,JIMMY CHOO MAN AQUA EDT-S 30ML,3386460129848,636,39.0,11.75,,,0.0,
02-JC-MANIN-PS50,JIMMY CHOO MAN INTENSE EDT-S 50ML,3386460078887,228,57.0,19.5,,,0.0,
02-JC-MAN-TS100-UK,JIMMY CHOO MAN EDT-S 100ML,3386460064118,126,71.0,22.5,,,0.0,
02-JC-MAN-TS30,JIMMY CHOO MAN EDT-S 30ML,3386460064132,792,39.0,13.95,,,0.0,
02-JC-MAN-TS50,JIMMY CHOO MAN EDT-S 50ML,3386460064125,350,55.0,18.95,,,0.0,
02-JC-UHG-PS100,JIMMY CHOO URBAN HERO GOLD EDP-S 100ML,3386460127066,574,80.0,19.5,,,0.0,
02-JC-URB-9376,JIMMY CHOO URBAN HERO EDP-S 50ML,3386460109376,114,40.0,13.5,,,0.0,
02-JC-URB-PS30,JIMMY CHOO URBAN HERO EDP-S 30ML,3386460109383,207,40.0,13.5,,,0.0,
02-JO-GO-TS100,JOOP GO EDT-S 100ML,3414200064064,522,58.0,11.25,,,0.0,
02-JO-GO-TS30,JOOP GO EDT-S 30ML,3414206414009,1000+,17.0,6.5,,,0.0,
02-JO-JO-AS75,JOOP AFTERSHAVE SPLASH 75ML,3414206000615,1000+,37.0,9.5,,,0.0,
02-JO-JO-TS125,JOOP EDT-S 125ML,3414206000608,1000+,67.0,14.95,,,0.0,
02-JO-JO-TS125-UK,JOOP EDT-S 125ML,3414206000608,479,67.0,14.95,,,0.0,
02-JO-JO-TS200,JOOP EDT-S 200ML,3607345809915,1000+,90.0,17.25,,,0.0,
02-JO-JO-TS75,JOOP EDT-S 75ML,3414206000592,1000+,49.0,11.95,,,0.0,
02-JO-JUMP-TS30,JOOP JUMP EDT-S 30ML,3414202486413,50,30.0,7.25,,,0.0,
02-JP-SCA-SG150,JPG SCANDAL SHOWER GEL 150ML,8435415052368,5,32.0,14.25,,,0.0,
02-KL-LAG-TS100,KARL LAGERFELD CLASSIC EDT-S 100ML,3386460058391,389,38.0,11.25,,,0.0,
02-KL-LAG-TS150,KARL LAGERFELD CLASSIC EDT-S 150ML,3386460082075,469,51.0,13.95,,,0.0,
02-LAL-ENE-PS100,LALIQUE ENCRE NOIRE L'EXTREME EDP-S 100ML,7640111502791,1000+,89.0,14.75,,,0.0,
02-LAL-ENSP-TS100,LALIQUE ENCRE NOIRE SPORT EDT-S 100ML,7640111500902,1000+,65.0,11.5,,,0.0,
02-LAL-EN-TS100,LALIQUE ENCRE NOIRE EDT-S 100ML,3454960022522,956,79.0,12.5,,,0.0,
02-LAL-LMF-TS100,LALIQUE L'INSOUMIS MA FORCE EDT-S 100ML,7640171199788,39,79.0,15.95,,,0.0,
02-LAL-LMF-TS100-D,LALIQUE L'INSOUMIS MA FORCE EDT-S 100ML,7640171199788,5,79.0,15.95,,,0.0,
02-LAL-WHI-TS125,LALIQUE WHITE EDT-S 125ML,3454960024021,213,72.0,13.95,,,0.0,
02-LC-ESS-TS75,LACOSTE ESSENTIAL EDT-S 75ML,3386460149303,1000+,45.0,14.95,,,0.0,
02-LC-RED-49310,LACOSTE RED EDT-S 125ML,3386460149310,147,54.0,21.95,,,0.0,
02-LC-RED-TS125,LACOSTE RED EDT-S 125ML,3616302931781,1000+,54.0,21.95,,,0.0,
02-MB-EP-PS100,MONT BLANC EXPLORER PLATINUM EDP-S 100ML,3386460135818,51,82.0,27.95,,,0.0,
02-MB-EP-PS100-D,MONT BLANC EXPLORER PLATINUM EDP-S 100ML,3386460135818,50,82.0,27.95,,,0.0,
02-MB-EP-PS30,MONT BLANC EXPLORER PLATINUM EDP-S 30ML,3386460135832,146,38.0,12.75,,,0.0,
02-MB-EP-PS60,MONT BLANC EXPLORER PLATINUM EDP-S 60ML,3386460135825,316,61.0,17.95,,,0.0,
02-MB-EUB-PS100-UK,MONT BLANC EXPLORER ULTRA BLUE EDP-S 100ML,3386460121514,75,82.0,22.95,,,0.0,
02-MB-EXPL-PS30,MONT BLANC EXPLORER EDP-S 30ML,3386460101059,1000+,38.0,13.25,,,0.0,
02-MB-EXPL-PS60,MONT BLANC EXPLORER EDP-S 60ML,3386460101042,1000+,61.0,20.95,,,0.0,
02-MB-LEGS-TS30,MONT BLANC LEGEND SPIRIT EDT-S 30ML,3386460074841,325,35.0,11.95,,,0.0,
02-MB-LEG-TS30,MONT BLANC LEGEND EDT-S 30ML,3386460032704,94,35.0,11.95,,,0.0,
02-MB-STAR-TS75,MONT BLANC STARWALKER EDT-S 75ML,3386460028462,4,45.0,14.95,,,0.0,
02-MEU-4711-CS400,4711 EDC-S 400ML,4011700740048,418,48.0,12.95,,,0.0,
02-MO-TB-PS30-UK,MOSCHINO TOY BOY EDP-S 30ML,8011003845118,400,46.0,19.95,,,0.0,
02-MO-TB-PS50-UK,MOSCHINO TOY BOY EDP-S 50ML,8011003845125,181,68.0,25.95,,,0.0,
02-MO-UOMO-TS75,MOSCHINO UOMO EDT-S 75ML,8011003064083,312,52.5,8.95,,,0.0,
02-PA-INV-DS75,PACO INVICTUS DEO STICK 75ML,3349668515752,48,27.0,12.5,,,0.0,
02-PA-INVP-PS100,PACO INVICTUS PLATINUM EDP-S 100ML,3349668599110,143,99.0,47.95,,,0.0,
02-PA-INVP-PS50,PACO INVICTUS PLATINUM EDP-S 50ML,3349668599080,60,73.0,36.95,,,0.0,
02-PA-INV-TS50,PACO INVICTUS EDT-S 50ML,3349668515653,1000+,66.0,34.95,,,0.0,
02-PA-IV-PS50,PACO INVICTUS VICTORY EDP-S 50ML,3349668588749,95,76.0,38.95,,,0.0,
02-PA-MIL-DST75,PACO 1 MILLION DEO STICK 75ML,3349666007990,444,27.0,12.5,,,0.0,
02-PA-MILGO-PS100,PACO 1 MILLION GOLD INTENSE EDP-S 100ML,3349668630349,57,104.0,65.95,,,0.0,
02-PA-MIL-P200,PACO 1 MILLION PARFUM SPRAY 200ML,3349668581948,11,144.0,70.95,,,0.0,
02-PA-PHAN-TS50,PACO PHANTOM EDT-S 50ML,3349668582365,384,69.0,36.95,,,0.0,
02-PA-ULTRA-TS100,PACO ULTRAVIOLET EDT-S 100ML,3349666010518,258,85.0,24.95,,,0.0,
02-PP-MIN-TS75,PALOMA PICASSO MINOTAURE EDT-S 75ML,3360373007905,315,44.0,13.25,,,0.0,
02-RL-RALC-PS50,RALPH LAUREN RALPH'S CLUB EDP-S 50ML,3605971512612,29,80.0,28.95,,,0.0,
02-RL-SPO-TS75,RALPH LAUREN POLO SPORT EDT-S 75ML,3360372055419,1000+,60.0,12.5,,,0.0,
02-TC-LOV-TS50-UK,TIFFANY & CO TIFFANY & LOVE EDT-S 50ML,3614227728820,118,70.0,31.95,,,0.0,
02-TC-LOV-TS90-UK,TIFFANY & CO TIFFANY & LOVE EDT-S 90ML,3614227728783,347,95.0,42.5,,,0.0,
02-TF-OW-PS100,TOM FORD OUD WOOD EDP-S 100ML,888066024099,77,297.0,144.95,,,0.0,
02-TL-HOM-TS100,TED LAPIDUS POUR HOMME EDT-S 100ML,3355992000260,845,49.0,9.95,,,0.0,
02-TO-MEN-70153,TOMMY MEN EDT-S 50ML,7640496670153,1000+,32.0,9.5,,,0.0,
02-TO-MEN-TS30,TOMMY MEN EDT-S 30ML,7640496670146,220,22.0,8.5,,,0.0,
02-VE-BJ-TS75,VERSACE BLUE JEANS EDT-S 75ML,8018365260757,1000+,39.0,10.45,,,0.0,
02-VE-DREAM-TS100,VERSACE THE DREAMER EDT-S 100ML,8011003996766,1000+,74.0,17.45,,,0.0,
02-VE-EF-TS30-UK,VERSACE MAN EAU FRAICHE EDT-S 30ML,8018365500013,173,50.0,15.95,,,0.0,
02-VE-EROS-TS100-UK,VERSACE EROS EDT-S 100ML,8011003809219,240,87.0,36.95,,,0.0,
02-VE-EROS-TS50-UK,VERSACE EROS EDT-S 50ML,8011003809202,37,65.0,24.95,,,0.0,
02-VE-VER-TS100,VERSACE L'HOMME EDT-S 100ML,8018365140103,13,74.0,15.5,,,0.0,
02-VR-SBE-PS90,VR SPICEBOMB EXTREME EDP-S 90ML,3614270659706,373,100.0,52.5,,,0.0,
02-VR-SBNV-TS50-UK,VR SPICEBOMB NIGHT VISION EDT-S 50ML,3614272191549,4,67.0,28.95,,,0.0,
02-VR-SB-TS90-UK,VR SPICEBOMB EDT-S 90ML,3605521515346,217,85.0,38.95,,,0.0,
02-YSL-HOM-TS100,YSL L'HOMME EDT-S 100ML,3365440316560,357,90.0,43.95,,,0.0,
02-YSL-HOM-TS200,YSL L'HOMME EDT-S 200ML,3365440328761,1000+,140.0,61.95,,,0.0,
02-YSL-HOM-TS60,YSL L'HOMME EDT-S 60ML,3365440316546,42,68.0,34.95,,,0.0,
02-YSL-KOU-TS100,YSL KOUROS EDT-S 100ML,3365440003866,897,89.0,42.95,,,0.0,
02-YSL-MYS-PS100,YSL MYSLF EDP-S 100ML,3614273852814,1000+,99.0,60.95,,,0.0,
02-YSL-MYS-PS100-UK,YSL MYSLF EDP-S 100ML,3614273852814,853,99.0,60.95,,,0.0,
02-YSL-MYS-PS60,YSL MYSLF EDP-S 60ML,3614273852821,8,79.0,41.5,,,0.0,
02-YSL-NUIT-TS200,YSL LA NUIT DE L'HOMME EDT-S 200ML,3365440328624,278,140.0,67.95,,,0.0,
02-YSL-NUIT-TS60,YSL LA NUIT DE L'HOMME EDT-S 60ML,3365440375055,55,58.0,35.5,,,0.0,
02-YSL-Y-DST75,YSL Y DEO STICK 75G,3614271717092,877,27.0,10.5,,,0.0,
02-YSL-Y-PS200,YSL Y EDP-S 200ML,3614273128971,551,138.0,81.95,,,0.0,
11-AF-AUTH-65947,ABERCROMBIE & FITCH AUTHENTIC WOMAN EDP-S 50ML + BL 200ML,085715165947,1000+,54.0,12.25,,,0.0,
11-AF-AUTH-69884,ABERCROMBIE & FITCH AUTHENTIC WOMAN EDP-S 50ML + BL 200ML,085715169884,780,54.0,12.25,,,0.0,
11-CER-FEM-05680,CERRUTI 1881 FEMME EDT-S 50ML + BODY LOTION 75ML,5050456005680,1000+,43.0,14.25,,,0.0,
11-CHE-GG-92774,CAROLINA HERRERA GOOD GIRL EDP-S 80ML + EDP-S 10ML,8411061092774,239,117.0,63.95,,,0.0,
11-CHE-GOGI-02473,CAROLINA HERRERA GOOD GIRL EDP-S 80ML + 10ML + MINI LIPSTICK,8411061102473,156,124.0,63.95,,,0.0,
11-CHL-SIG-58533,CHLOE SIGNATURE EDP-S 100ML + BL 100ML + EDP 10ML,3616305258533,56,133.0,56.95,,,0.0,
11-CK-CK1-78127,CK ONE EDT-S 50ML +  SHOWER GEL 100ML,3616304678127,142,36.0,13.95,,,0.0,
11-CK-MINI-33626,CK LADIES 4 X 15ML MINI SET,3616305433626,1000+,40.0,16.95,,,0.0,
11-CK-MINI-78585,CK LADIES 4 X 15ML MINI SET,3616304678585,1000+,40.0,16.95,,,0.0,
11-CR-HOL-51176,CREED HOLIDAY DISCOVERY 5 PIECES GIFT SET,3508440251176,36,200.0,119.95,,,0.0,
11-DAV-CW-97475,DAVIDOFF COOL WATER EDT-S 30ML + BODY LOTION 75ML,3616304197475,403,32.0,10.25,,,0.0,
11-DG-LB-87423,D&G LIGHT BLUE EDT-S 50ML + BODY CREAM 50ML,8057971187423,1000+,76.0,25.95,New In,,0.0,
11-DG-Q-87416,D&G Q EDP-S 50ML + EDP-S 5ML,8057971187416,77,90.0,31.95,,,0.0,
11-DK-DEL-61136,DKNY BE DELICIOUS EDP-S 30ML + BODY LOTION 100ML,085715961136,1000+,50.0,13.95,,,0.0,
11-DK-FB-36820,DKNY FRESH BLOSSOM EDP-S 30ML + EDP-S 7ML,022548436820,1000+,40.0,12.95,,,0.0,
11-ES-PAR-40950,ELIE SAAB LE PARFUM EDP-S 50ML + EDP-S 10ML,7640233340950,33,70.0,30.95,,,0.0,
11-GU-GUI-47623,GUCCI GUILTY EDT-S 50ML + BL 50ML,3616305447623,210,104.0,40.95,,,0.0,
11-HB-SCEN-57680,HUGO BOSS THE SCENT EDP-S 50ML + BODY LOTION 75ML,3616304957680,53,87.0,29.95,,,0.0,
11-IM-FEM-06454,ISSEY MIYAKE L'EAU D'ISSEY EDT-S 50ML +  BODY LOTION 50ML,3423222106454,54,72.0,20.95,,,0.0,
11-LA-TRE-3PCS,LANCOME TRESOR EDP-S 30ML + BL 50ML + MINI 7.5ML,3614274179576,105,68.0,29.95,,,0.0,
11-LA-VIE-3PCS,LANCOME LA VIE EST BELLE EDP-S 30ML + BL 50ML + SG 50ML,3614274330243,465,79.0,35.5,,,0.0,
11-LA-VIE-78398,LANCOME LA VIE EST BELLE EDP-S 30ML + AG 10ML + MINI MASCARA,3614274078398,19,75.0,35.5,,,0.0,
11-LA-VIE-78411,LANCOME LA VIE EST BELLE EDP-S 30ML + BL 50ML + SG 50ML,3614274078411,167,67.0,35.5,,,0.0,
11-MJ-DAI-49627,MARC JACOBS DAISY EDT-S 100ML + BL 75ML + EDT-S 10ML,3616305449627,100,97.0,43.95,,,0.0,
11-MJ-DAI-72993,MARC JACOBS DAISY EDT-S 50ML + BL 75ML + SG 75ML,3616303472993,1000+,73.0,32.5,,,0.0,
11-MJ-DEF-49672,MARC JACOBS DAISY EAU SO FRESH EDT-S 75ML + BL 75ML +SG 75ML,3616305449672,280,78.0,36.95,,,0.0,
11-MK-MINI-3PCS,MICHAEL KORS EDP-S  2 X 5ML + 1 x 4ML MINI SET,850049716055,1000+,20.0,12.5,,,0.0,
11-MO-MINI-61248,MOSCHINO MINIATURES SET 3 x EDP-S 5ML & 1 x EDT-S 5ML,8011003861248,1000+,22.0,16.5,,,0.0,
11-MO-MINI-87507,MOSCHINO TOY MINI TRIO SET 2 X EDP-S 5ML + X 1 EDT-S 5ML,8011003887507,1000+,20.0,13.75,,,0.0,
11-MO-PEA-93867,MOSCHINO PEARL EDP-S 100ML + SG 100ML + BL 100ML + EDP 10ML,8011003893867,25,87.0,34.95,,,0.0,
11-MO-TOY-93775,MOSCHINO TOY 2 EDP-S 100ML + EDP-S 10ML + SG 100ML+ BL 100ML,8011003893775,58,87.0,34.95,,,0.0,
11-PA-FAME-23501,PACO FAME EDP-S 50ML + BODY LOTION 75ML,3349668623501,34,98.0,43.95,,,0.0,
11-PA-LAD-35337,PACO LADY MILLION EDP-S 80ML + BL 100ML,3349668635337,94,105.0,46.95,,,0.0,
11-PA-MINI-30813,PACO RABANNE LADIES MINI SET 2 X 4ML + 1 X 5ML + 1 X 6ML,3349668630813,8,49.0,30.95,,,0.0,
11-PA-OLY-35375,PACO OLYMPEA EDP-S 50ML + BL 75ML + EDP-S 10ML,3349668635375,1000+,83.0,39.95,,,0.0,
11-SJ-LOV-4PCS,SJP LOVELY EDP-S 100ML + BL 200ML + SG 200ML + EDP-S 15ML,5060426158742,1000+,32.99,13.95,,,0.0,
11-SJ-LOV-58537,SJP LOVELY EDP-S 100ML + BODY LOTION 200ML + BATH BOMBS,5060426158537,618,55.0,12.95,,,0.0,
11-SJ-MINI-56823,SJP MINIATURES SET 4 X ROLLERBALL 10ML,5060426156823,1000+,25.0,7.5,,,0.0,
11-TM-ANG-30199,MUGLER ANGEL EDP-S 50ML + EDP-S 10ML + BODY LOTION 50ML,3614274330199,762,99.0,46.95,,,0.0,
11-TM-PC-94514,MUGLER LIMITED EDITION PLAYING CARDS + POUCH,3614273994514,48,40.0,20.95,,,0.0,
11-VE-BC-93218,VERSACE BRIGHT CRYSTAL EDT-S 50ML + SG 50ML + BL 50ML,8011003893218,389,74.0,31.95,,,0.0,
11-VE-DP-93393,VERSACE DYLAN PURPLE EDP-S 50ML + SG 50ML + BL 50ML,8011003893393,113,82.0,32.95,,,0.0,
11-VE-MINI-69404,VERSACE MINIATURES UNISEX EDT-S 5ML X 5,8011003869404,1000+,51.5,22.95,,,0.0,
11-YSL-BO-44286,YSL BLACK OPIUM EDP-S 50ML + ROUGE VOLUPTE SHINE 83 LIPSTICK,3614273444286,3,87.0,50.95,,,0.0,
11-YSL-BO-85123,YSL BLACK OPIUM EDP-S 30ML + EDP-S 10ML,3614274285123,64,88.0,38.95,,,0.0,
12-AF-AUTH-69877,ABERCROMBIE & FITCH AUTHENTIC MAN EDT-S 50ML +BODYWASH 200ML,085715169877,1000+,46.0,14.95,,,0.0,
12-AFN-9PM-72980,AFNAN 9PM EDP-S 100ML + SHOWER GEL 150ML + DEO SPRAY 150ML,6290171072980,682,50.0,20.5,,,0.0,
12-AP-BLU-59455,A DI PARMA BLU MEDITERRANEO 5PCS MINI SET,8028713959455,1000+,66.0,22.95,,,0.0,
12-CD-FAH-27808,DIOR FAHRENHEIT EDT-S 100ML + SG 50ML,3348901727808,10,112.0,74.95,,,0.0,
12-CD-SAU-00689,DIOR SAUVAGE EDP-S 100ML + EDP-S 10ML,3348901700689,12,160.0,81.95,,,0.0,
12-CER-HOM-07387,CERRUTI 1881 POUR HOMME EDT-S 100ML + 150ML DEODORANT SPRAY,5050456007387,33,52.0,16.5,,,0.0,
12-CER-HOM-09404,CERRUTI 1881 POUR HOMME EDT-S 100ML + 150ML DEODORANT SPRAY,5050456009404,530,52.0,16.5,,,0.0,
12-CHE-BB-01995,CAROLINA HERRERA BAD BOY EDT-S 100ML + SG 100ML + EDT-S 10ML,8411061101995,109,95.0,56.95,,,0.0,
12-CHE-BB-92736,CAROLINA HERRERA BAD BOY EDT-S 100ML + EDT-S 10ML,8411061092736,554,81.0,55.95,,,0.0,
12-CR-HOL-51183,CREED HOLIDAY DISCOVERY 3 PIECES GIFT SET,3508440251183,1,150.0,79.95,,,0.0,
12-DG-ONE-85405,D&G THE ONE FOR MEN EDT-S 100ML + EDT-S 50ML,8057971185405,103,164.0,55.95,,,0.0,
12-GU-GUI-47722,GUCCI GUILTY EDT-S 50ML + BL 50ML,3616305447722,114,73.0,33.95,,,0.0,
12-HB-BB-28426,HUGO BOSS BOTTLED EDT-S 50ML + DEO SPRAY 150ML,3616303428426,272,57.0,28.95,,,0.0,
12-HB-BB-57574,HUGO BOSS BOSS BOTTLED EDT-S 50ML + SHOWER GEL 100ML,3616304957574,291,57.0,28.95,,,0.0,
12-HB-BB-99373,HUGO BOSS BOTTLED EDT-S 50ML + DEO SPRAY 150ML,3616304099373,382,57.0,28.95,,,0.0,
12-HB-SCEN-57642,HUGO BOSS THE SCENT EDT-S 50ML + SG 100ML,3616304957642,630,65.0,27.95,,,0.0,
12-HB-SCEN-99427,HUGO BOSS THE SCENT EDT-S 50ML + SHOWER GEL 100ML,3616304099427,68,65.0,27.95,,,0.0,
12-HE-TER-38243,HERMES TERRE D'HERMES EDT-S 100ML + EDT-S 15ML + SG 40ML,3346130438243,1000+,100.0,44.95,New In,,0.0,
12-HE-TER-38342,HERMES TERRE D'HERMES EDT-S 100ML + EDT-S 15ML + HBSG 40ML,3346130438342,1000+,110.0,44.95,,,0.0,
12-JO-JO-97512,JOOP EDT-S 75ML + SHOWER GEL 75ML,3616304197512,417,49.0,15.5,,,0.0,
12-JP-MAL-92012,JPG LE MALE EDT-S 125ML + SG75,8435415092012,145,85.0,50.95,,,0.0,
12-JP-SCA-92623,JPG SCANDAL EDT-S 100ML + 10ML + SG 75ML,8435415092623,205,95.0,45.95,,,0.0,
12-MB-EUB-3PCS,MONT BLANC EXPLORER ULTRA BLUE EDP-S 7.5ML MINI SET,3386460125703,34,35.0,4.95,,,0.0,
12-MB-EXPL-39137,MONT BLANC EXPLORER EDP-S 100ML + EDP-S 7.5ML + SG 100ML,3386460139137,227,82.0,37.95,,,0.0,
12-MB-EXPL-45237,MONT BLANC EXPLORER EDP-S 100ML + EDP-S 7.5ML + SG 100ML,3386460145237,17,82.0,37.95,,,0.0,
12-VE-DYL-93522,VERSACE DYLAN BLUE EDT-S 50ML + SG 50ML + ASB 50ML,8011003893522,60,65.0,26.95,,,0.0,
12-VE-DYL-93539,VERSACE DYLAN BLUE EDT-S 100ML + EDT-S 10ML + BAG,8011003893539,43,100.0,42.95,,,0.0,
12-VE-EROS-93577,VERSACE EROS EDT-S 100ML + EDT-S 10ML + BLACK BAG,8011003893577,42,92.0,44.95,,,0.0,
12-VE-HOM-85091,VERSACE POUR HOMME EDT-S 50ML + SG 50ML + ASB 50ML,8011003885091,397,65.0,26.95,,,0.0,
12-VE-YD-93270,VERSACE YELLOW DIAMOND EDT-S 50ML + SG 50ML + BL 50ML,8011003893270,100,74.0,31.95,,,0.0,
12-YSL-NUIT-93117,YSL LA NUIT DE L'HOMME EDT-S 100ML + 2 X SG 50ML,3614274093117,36,124.0,49.95,,,0.0,
20-AR-ETK-88516,ARMANI EYES TO KILL MASCARA + LIP POWER MINI SHADE 400,3614273888516,19,34.0,14.5,,,0.0,
20-BE-CSP-MB,BENEFIT CRYSTAH STRAWBERRY PINK POWDER BLUSHER MINI,602004140791,442,16.5,7.95,,,0.0,
20-BE-DTHP-NP,BENEFIT DANDELION TWINKLE HIGHLIGHTER POWDER NUDE PINK MINI,602004138903,755,17.0,6.95,,,0.0,
20-BE-GBVEG-UB,BENEFIT GIMME BROW VOLUMISING EYEBROW GEL COOL BLACK BROWN,602004103222,853,26.0,6.95,,,0.0,
20-BE-GBVFG-03,BENEFIT GIMME BROW VOLUMIZING FIBER GEL NO3 MINI,602004103215,597,14.5,6.95,,,0.0,
20-BE-GBVFG-04,BENEFIT GIMME BROW VOLUMIZING FIBER GEL NO4 MINI,602004095312,753,,6.95,,,0.0,
20-BE-GPBP-03,BENEFIT GOOF PROOF BROW PENCIL 03 MEDIUM,602004077981,607,20.5,6.95,,,0.0,
20-BE-PBS-04,BENEFIT PRECISELY 24HR BROW SETTER DUO 7ML WARM DEEP BROWN,602004125118,287,26.0,13.5,,,0.0,
20-BE-PMBP-03,BENEFIT PRECISELY MY BROW PENCIL 03 WARM LIGHT BROWN,602004085566,1000+,26.0,7.95,,,0.0,
20-BE-PMBP-04,BENEFIT PRECISELY MY BROW PENCIL DUO 04,602004125101,721,26.0,12.5,,,0.0,
20-BE-RLCLM-UB,BENEFIT ROLLER LASH CURLING & LIFTING MASCARA MINI BLACK,602004057969,468,15.0,6.95,,,0.0,
20-BE-SR-MB,BENEFIT STARLAA ROSE POWDER BLUSHER MINI,602004138606,517,16.5,7.5,,,0.0,
20-BS-CUR-BM236,BRITNEY SPEARS CURIOUS FINE FRAGRANCE MIST 236ML,719346621236,1000+,10.0,2.95,,,0.0,
20-BS-FAN-BM236,BRITNEY SPEARS FANTASY BODY MIST 236ML,719346636933,1000+,10.0,3.95,,,0.0,
20-BS-IF-BM236,BRITNEY SPEARS ISLAND FANTASY BODY MIST 236ML,719346630856,1000+,10.0,2.95,,,0.0,
20-BYR-BB-HC30,BYREDO BODY BLANCHE HAND CREAM 30ML,7340032870671,248,35.0,20.95,,,0.0,
20-BYR-BDA-HC30,BYREDO BAL D'AFRIQUE HAND CREAM 30ML,7340032859744,29,35.0,20.95,,,0.0,
20-BYR-LT-HC30,BYREDO LA TULIPE HAND CREAM 30ML,7340032870695,2,35.0,20.95,,,0.0,
20-BYR-MG-BC200,BYREDO MOJAVE GHOST BODY CREAM 200ML,7340032860023,34,65.0,33.95,,,0.0,
20-BYR-MG-BL225,BYREDO MOJAVE GHOST BODY LOTION 225ML,7340032859157,16,50.0,29.95,,,0.0,
20-BYR-MG-HC30,BYREDO MOJAVE GHOST HAND CREAM 30ML,7340032859829,115,35.0,20.95,,,0.0,
20-BYR-RNML-HC30,BYREDO ROSE OF NO MANS LAND HAND CREAM 30ML,7340032824674,121,35.0,20.95,,,0.0,
20-CD-SAU-83579,DIOR SAUVAGE THE SERUM 50ML,3348901683579,30,70.0,48.95,,,0.0,
20-CL-HND-69585,CLARINS HAND AND NAIL TREATMENT 100ML,3380810469585,1000+,26.0,7.95,,,0.0,
20-CL-HND-69585-D,CLARINS HAND AND NAIL TREATMENT 100ML,3380810469585,619,26.0,7.95,,,0.0,
20-CL-HND-72147,CLARINS HAND AND NAIL TREATMENT CREAM 2 X 100ML,3666057072147,228,46.0,20.5,,,0.0,
20-CR-AVE-BL200,CREED AVENTUS BODY LOTION 200ML,3508440502353,3,75.0,40.95,,,0.0,
20-CR-AVE-HS150,CREED AVENTUS HAND SOAP 150G,3508440502346,5,45.0,24.95,,,0.0,
20-CR-SMW-SP150,CREED SLIVER MOUNTAIN WATER SOAP 150G,3508444105352,6,45.0,24.95,,,0.0,
20-EA-FAC-32026,ELIZABETH ARDEN 8 HOUR SKIN PROTECTANT LIGHTLY SCENTED 50ML,085805132026,1000+,29.0,6.95,,,0.0,
20-EA-FAC-45942,E. ARDEN VISIBLE DIFFERENCE REFINING MOISTURE CREAM 75ML,085805445942,1000+,39.0,7.35,,,0.0,
20-EL-FAC-51943,ESTEE LAUDER PERFECTIONIST PRORAPID FIRM PLUS LIFT 100ML,887167351943,316,,58.95,,,0.0,
20-LAN-TIU-92400,LANCOME TEINT IDOLE ULTRA 24H FOUNDATION SPF15 120,3614273792400,336,39.5,15.95,,,0.0,
20-MH-TT-BW300,MILLER HARRIS TEA TONIQUE UNISEX BODY WASH 300ML,5051198721197,37,26.0,9.95,,,0.0,
20-MH-TT-HW300,MILLER HARRIS TEA TONIQUE UNISEX HAND WASH 300ML,5051198721234,47,26.0,9.95,,,0.0,
20-PA-FAME-BL200,PACO FAME BODY LOTION 200ML,3349668595044,9,38.0,13.95,,,0.0,
20-SJ-LOVLI-BM236,SARAH JESSICA PARKER LOVELY LIGHTS BODY MIST 236ML,5060426157882,534,17.0,3.95,,,0.0,
20-SJ-LY-BM250,SARAH JESSICA PARKER LOVELY YOU BODY MIST 250ML,5060426157103,498,19.0,3.95,,,0.0,
20-VS-AA-BM250,VICTORIA'S SECRET AQUATIC ALLURE BODY MIST 250ML,667559066880,15,18.0,8.5,,,0.0,
20-VS-AAT-BM250,VICTORIA'S SECRET AMBER APERITIF BODY MIST 250ML,667559666745,394,18.0,9.5,,,0.0,
20-VS-AF-BM250,VICTORIA'S SECRET AMARETTO FIZZ BODY MIST 250ML,667556706857,85,18.0,9.5,,,0.0,
20-VS-AG-BM250,VICTORIA'S SECRET ANGEL GOLD BODY MIST 250ML,667553169945,1000+,18.0,8.5,,,0.0,
20-VS-AK-BM250,VICTORIA'S SECRET AQUA KISS BODY MIST 250ML,667556605006,362,18.0,9.5,,,0.0,
20-VS-AR-BM250,VICTORIA'S SECRET AMBER ROMANCE BODY MIST 250ML,667556605020,1000+,18.0,9.5,,,0.0,
20-VS-BERBR-BM250,VICTORIA'S SECRET BERRY BRULEE BODY MIST 250ML,667559666714,897,18.0,9.5,,,0.0,
20-VS-BI-BL250,VICTORIA'S SECRET BOMBSHELL INTENSE BODY LOTION 250ML,667552546822,308,22.0,9.5,,,0.0,
20-VS-BMA-BM250,VICTORIA'S SECRET BRIGHT MARIPOSA APRICOT BODY MIST 250ML,667559066392,92,18.0,8.5,,,0.0,
20-VS-BSP-BM250,VICTORIA'S SECRET BOMBSHELL PARIS BODY MIST 250ML,667558717219,7,18.0,9.5,,,0.0,
20-VS-BVDD-BM250,VICTORIA'S SECRET BARE VANILLA DAYDREAM BODY MIST 250ML,667559666813,135,18.0,9.5,,,0.0,
20-VS-CB-BM250,VICTORIA'S SECRET COOL BLOOMS BODY MIST 250ML,667556709872,4,18.0,9.5,,,0.0,
20-VS-CBL-BM250,VICTORIA'S SECRET COASTAL BLISS BODY MIST 250ML,667559066330,52,18.0,8.5,,,0.0,
20-VS-CC-BM250,VICTORIA'S SECRET COTTON CANDY BODY MIST 250ML,667559279990,6,18.0,8.5,,,0.0,
20-VS-CE-BM250,VICTORIA'S SECRET CHERRY BLOSSOM BODY MIST 250ML,667559068211,8,18.0,8.5,,,0.0,
20-VS-CMP-BM250,VICTORIA'S SECRET CRISP MARIGOLD PEAR BODY MIST 250ML,667559669234,576,18.0,9.5,,,0.0,
20-VS-COBR-BM250,VICTORIA'S SECRET COOL & BRIGHT BODY MIST 250ML,667558856666,98,18.0,8.5,,,0.0,
20-VS-CP-BL236,VICTORIA'S SECRET COCONUT PASSION BODY LOTION 236ML,667557894683,22,18.0,9.5,,,0.0,
20-VS-CP-BM250,VICTORIA'S SECRET COCONUT PASSION BODY MIST 250ML,667556605013,642,18.0,9.5,,,0.0,
20-VS-CW-BM250,VICTORIA'S SECRET CACTUS WATER BODY MIST 250ML,667555248396,33,18.0,8.5,,,0.0,
20-VS-DSK-BM250,VICTORIA'S SECRET DIAMOND SKY BODY MIST 250ML,667548083546,5,18.0,8.5,,,0.0,
20-VS-EM-BM250,VICTORIA'S SECRET ELECTRIC MANGO BODY MIST 250ML,667559301745,900,18.0,9.5,,,0.0,
20-VS-F-BM250,VICTORIA'S SECRET FEARLESS  BODY MIST 250ML,667558215081,19,18.0,8.5,,,0.0,
20-VS-FC-BM250,VICTORIA'S SECRET FRESH & CLEAN BODY MIST 250ML,667545612039,7,18.0,8.5,,,0.0,
20-VS-FM-BM250,VICTORIA'S SECRET FROST MELT BODY MIST 250ML,667558426920,529,18.0,9.5,,,0.0,
20-VS-FMD-BM250,VICTORIA'S SECRET FLORAL MORNING DREAM BODY MIST 250ML,667557640440,31,18.0,8.5,,,0.0,
20-VS-FS-BM250,VICTORIA'S SECRET FLOWER SORBET BODY MIST 250ML,667556706840,7,18.0,8.5,,,0.0,
20-VS-GAJ-BM250,VICTORIA'S SECRET GINGER APPLE JEWEL BODY MIST 250ML,667558437346,1000+,18.0,8.5,,,0.0,
20-VS-GM-BM250,VICTORIA'S SECRET GOLDEN MANDARIN BODY MIST 250ML,667559669210,580,18.0,9.5,,,0.0,
20-VS-GV-BM250,VICTORIA'S SECRET GARDEN VIEW BODY MIST 250ML,667558203866,33,18.0,9.5,,,0.0,
20-VS-IM-BM250,VICTORIA'S SECRET ISLAND MARKET BODY MIST 250ML,667558203897,28,18.0,8.5,,,0.0,
20-VS-IR-BM250,VICTORIA'S SECRET ISLAND RUSH BODY MIST 250ML,667559066347,151,18.0,8.5,,,0.0,
20-VS-LGG-BM250,VICTORIA'S SECRET LET'S GO GIRLS BODY MIST 250ML,667560332776,168,18.0,9.5,,,0.0,
20-VS-LH-BM250,VICTORIA'S SECRET PINK LIGHT & HAPPY BODY MIST 250ML,667558857403,429,18.0,8.5,,,0.0,
20-VS-LIH-BM250,VICTORIA'S SECRET LOVE IS HEAVENLY BODY MIST 250ML,667558215470,4,18.0,9.5,,,0.0,
20-VS-LOA-BM250,VICTORIA'S SECRET LUSH ORCHID AMBER BODY MIST 250ML,667559068204,85,18.0,9.5,,,0.0,
20-VS-LOVSS-BM250,VICTORIA'S SECRET LOVE SPELL SHIMMER BODY MIST 250ML,667558437629,8,18.0,9.5,,,0.0,
20-VS-LS-BM250,VICTORIA'S SECRET LOVE SPELL BODY MIST 250ML,667556489965,1000+,18.0,9.5,,,0.0,
20-VS-LSDD-BM250,VICTORIA'S SECRET LOVE SPELL DAY DREAM BODY MIST 250ML,667559666820,421,18.0,8.5,,,0.0,
20-VS-LSG-BM250,VICTORIA'S SECRET LOVE SPELL GOLDEN BODY MIST 250ML,667556257991,2,18.0,8.5,,,0.0,
20-VS-LSL-BM250,VICTORIA'S SECRET LOVE SPELL LUXE BODY MIST 250ML,667556709797,60,18.0,9.5,,,0.0,
20-VS-LSPC-BM250,VICTORIA'S SECRET LOVE SPELL CASHMERE BODY MIST 250ML,667558227039,3,18.0,8.5,,,0.0,
20-VS-LSS-BM250,VICTORIA'S SECRET LOVE SPELL SOL BODY MIST 250ML,667559068358,664,18.0,8.5,,,0.0,
20-VS-LSSPL-BM250,VICTORIA'S SECRET LOVE SPELL SPLASH BODY MIST 250ML,667557640990,5,18.0,9.5,,,0.0,
20-VS-LUSH-BM250,VICTORIA'S SECRET LUSH AIR BODY MIST 250ML,667556710007,13,18.0,9.5,,,0.0,
20-VS-MD-BM250,VICTORIA'S SECRET MELON DRENCH BODY MIST 250ML,667557640921,40,18.0,9.5,,,0.0,
20-VS-NP-BM250,VICTORIA'S SECRET NECTAR PULSE BODY MIST 250ML,667558227114,23,18.0,8.5,,,0.0,
20-VS-NT-BM250,VICTORIA'S SECRET NEON TROPICS BODY MIST 250ML,667559301769,228,18.0,8.5,,,0.0,
20-VS-OB-BM250,VICTORIA'S SECRET OASIS BLOOMS BODY MIST 250ML,667551556358,1,18.0,8.5,,,0.0,
20-VS-OC-BM250,VICTORIA'S SECRET OH CHERRY BODY MIST 250ML,667559586845,54,18.0,9.5,,,0.0,
20-VS-OFS-BM250,VICTORIA'S SECRET ORANGE FLOWER SUN BODY MIST 250ML,667557640457,21,18.0,9.5,,,0.0,
20-VS-PAM-BM250,VICTORIA'S SECRET PEONY AMBER BODY MIST 250ML,667558437346,1,18.0,8.5,,,0.0,
20-VS-PAR-BM250,VICTORIA'S SECRET PINK APPLE RUSH BODY MIST 250ML,667559586838,68,18.0,9.5,,,0.0,
20-VS-PAS-BM250,VICTORIA'S SECRET PINEAPPLE & SHEA BODY MIST 250ML,667559072546,62,18.0,8.5,,,0.0,
20-VS-PBL-BM250,VICTORIA'S SECRET PINK BLOOMS BODY MIST 250ML,667550556618,73,18.0,8.5,,,0.0,
20-VS-PBM-BM250,VICTORIA'S SECRET PINK BRIGHT MIMOSA BODY MIST 250ML,667555541749,1,18.0,8.5,,,0.0,
20-VS-PBP-BM250,VICTORIA'S SECRET PINK BASIC PUMPKIN BODY MIST 250ML,667556710236,9,18.0,8.5,,,0.0,
20-VS-PCW-BM250,VICTORIA'S SECRET PINK CEDAR WOODS BODY MIST 250ML,667556700640,9,18.0,8.5,,,0.0,
20-VS-PETALH-BM250,VICTORIA'S SECRET PETAL HIGH BODY MIST 250ML,667555513852,1,18.0,8.5,,,0.0,
20-VS-PFC-BM250,PINK FRESH & CLEAN SWEET APPLE FRESH TANGERINE BM 250ML,667548996488,292,15.0,9.5,,,0.0,
20-VS-PFCL-BM250,VICTORIA'S SECRET PINK FRESH & CLEAN BODY MIST 250ML,667558324899,21,18.0,8.5,,,0.0,
20-VS-PFRC-BM250,VICTORIA'S SECRET PINK FRESH & CLEAN BODY MIST 250ML,667558856697,331,15.0,8.5,,,0.0,
20-VS-PICR-BM250,VICTORIA'S SECRET PISTACHIO CREAM BODY MIST 250ML,667559666721,576,18.0,9.5,,,0.0,
20-VS-PJ-BM250,VICTORIA'S SECRET POP JELLY BODY MIST 250ML,667558871720,22,18.0,8.5,,,0.0,
20-VS-PL-BM250,VICTORIA'S SECRET POMEGRANATE & LOTUS BODY MIST 250ML,667557109541,16,18.0,9.5,,,0.0,
20-VS-PSCA-BM250,VICTORIA'S SECRET PURE SEDUCTION CANDIED BODY MIST 250ML,667558437421,5,18.0,9.5,,,0.0,
20-VS-PSD-BM250,VICTORIA'S SECRET PRIVATE SUNDECK BODY MIST 250ML,667558467909,14,18.0,8.5,,,0.0,
20-VS-PSDD-BM250,VICTORIA'S SECRET PURE SEDUCTION DAY DREAM BODY MIST 250ML,667559666806,637,18.0,8.5,,,0.0,
20-VS-PSG-BM250,VICTORIA'S SECRET PURE SEDUCTION GOLDEN BODY MIST 250ML,667556258004,9,18.0,9.5,,,0.0,
20-VS-PSK-BM250,VICTORIA'S SECRET POMEGRANATE SKY BODY MIST 250ML,667558427132,1,18.0,8.5,,,0.0,
20-VS-PSS-BM250,VICTORIA'S SECRET POOLSIDE SERVICE BODY MIST 250ML,667558203873,16,18.0,9.5,,,0.0,
20-VS-PSSOL-BM250,VICTORIA'S SECRET PURE SEDUCTION SOL BODY MIST 250ML,667559068334,255,18.0,9.5,,,0.0,
20-VS-PSW-BM250,VICTORIA'S SECRET PEACH SWIRL BODY MIST 250ML,667559280002,21,18.0,8.5,,,0.0,
20-VS-PURESS-BM250,VICTORIA'S SECRET PURE SEDUCTION SPLASH BODY MIST 250ML,667557641003,47,18.0,9.5,,,0.0,
20-VS-PVD-BM250,VICTORIA'S SECRET PINK VANILLA & DREAMY BODY MIST 250ML,667558871508,104,18.0,9.5,,,0.0,
20-VS-PWC-BM250,VICTORIA'S SECRET PINK WARM  & COZY BODY MIST 250ML,667558857434,53,0.0,9.5,,,0.0,
20-VS-RHA-BM250,VICTORIA'S SECRET RICH HONEYSUCKLE APRICOT BODY MIST 250 ML,667559669203,897,18.0,9.5,,,0.0,
20-VS-RH-BM250,VICTORIA'S SECRET ROSE HARDCORE BODY MIST 250ML,667557476230,3,18.0,8.5,,,0.0,
20-VS-RNS-BM250,VICTORIA'S SECRET RODEO NIGHTS BODY MIST 250ML,667560332769,117,18.0,8.5,,,0.0,
20-VS-SB-BM250,VICTORIA'S SECRET SUGAR BLUR BODY MIST 250ML,667558227138,99,18.0,8.5,,,0.0,
20-VS-SCH-BM250,VICTORIA'S SECRET STRAWBERRIES & CHAMPAGNE  BODY MIST 250ML,667557180458,3,18.0,8.5,,,0.0,
20-VS-SCR-BM250,VICTORIA'S SECRET SPARKLING CREME BODY MIST 250ML,667556706864,18,18.0,9.5,,,0.0,
20-VS-SHIMS-BM250,VICTORIA'S SECRET SHIMMERING SHORES BODY MIST 250ML,667559066866,67,18.0,8.5,,,0.0,
20-VS-SIL-BM250,VICTORIA'S SECRET SO IN LOVE BODY MIST 250ML,667558215449,51,18.0,9.5,,,0.0,
20-VS-SISE-BM250,VICTORIA'S SECRET SIREN SERENADE BODY MIST 250ML,667559066859,53,18.0,8.5,,,0.0,
20-VS-SNF-BM250,VICTORIA'S SECRET SANTAL NIGHTFALL BODY MIST 250ML,667558427149,4,18.0,8.5,,,0.0,
20-VS-SP-BM250-L,VICTORIA'S SECRET SPRING POPPIES BODY MIST 250ML,667550965205,5,18.0,9.5,,,0.0,
20-VS-SPF-BM250,VICTORIA'S SECRET SUGAR PLUM FIG BODY MIST 250ML,667558437315,348,18.0,9.5,,,0.0,
20-VS-SPS-BM250,VICTORIA'S SECRET SUGARED PETALS BODY MIST 250ML,667559666738,658,18.0,9.5,,,0.0,
20-VS-SSU-BM250,VICTORIA'S SECRET SEASIDE SURF BODY MIST 250ML,667559066323,674,18.0,9.5,,,0.0,
20-VS-SUS-BM250,VICTORIA'S SECRET SUNSLOPE BODY MIST 250ML,667558426937,33,18.0,9.5,,,0.0,
20-VS-SV-BM250,VICTORIA'S SECRET SIZZLING VANILLA COCONUT & SUGAR BM 250ML,667559301776,1000+,18.0,9.5,,,0.0,
20-VS-SVF-BM250,VICTORIA'S SECRET SPICED VANILLA FIG BODY MIST 250ML,667559669227,518,18.0,9.5,,,0.0,
20-VS-SW-BM250,VICTORIA'S SECRET SUNRISE WAVES BODY MIST 250ML,667558220962,22,18.0,8.5,,,0.0,
20-VS-TH-BM250,VICTORIA'S SECRET TEXAS HOLD 'EM BODY MIST 250ML,667560332752,173,18.0,9.5,,,0.0,
20-VS-TR-BM250,VICTORIA'S SECRET TEASE REBEL BODY MIST 250ML,667558215418,1,18.0,8.5,,,0.0,
20-VS-VB-BM250,VICTORIA'S SECRET VIBRANT BREEZE BODY MIST 250ML,667559066316,1000+,18.0,8.5,,,0.0,
20-VS-VBM-BM250,VICTORIA'S SECRET VANILLA BEAN & MACADAMIA BODY MIST 250ML,667559649632,84,18.0,8.5,,,0.0,
20-VS-VBP-BM250,VICTORIA'S SECRET VIBRANT BLOOMING PASSION BODY MIST 250ML,667559068228,306,18.0,8.5,,,0.0,
20-VS-VPDD-BM250,VICTORIA'S SECRET VELVET PETALS DAY DREAM BODY MIST 250ML,667559666837,320,18.0,8.5,,,0.0,
20-VS-VPSH-BL236,VICTORIA'S SECRET VELVET PETALS SHIMMER BODY LOTION 236ML,667558437674,4,18.0,8.5,,,0.0,
20-VS-VPSH-BM250,VICTORIA'S SECRET VELVET PETALS SHIMMER BODY MIST 250ML,667558437636,3,18.0,9.5,,,0.0,
20-VS-VSN-BM250,VICTORIA'S SECRET VERY SEXY NOW  BODY MIST 250ML,667558717417,6,22.0,8.5,,,0.0,
20-VS-VSO-BM250,VICTORIA'S SECRET VERY SEXY OASIS BODY MIST 250ML,667555755597,7,18.0,8.5,,,0.0,
20-VS-VV-BM250,VICTORIA'S SECRET VERY VANILLA BODY MIST 250ML,667559586821,19,18.0,8.5,,,0.0,
20-VS-WFMH-BM250,VICTORIA'S SECRET WILD FIG & MANUKA HONEY BODY MIST 250ML,667558216385,165,18.0,8.5,,,0.0,
20-VS-WH-BM250,VICTORIA'S SECRET WARM HORIZON BODY MIST 250ML,667556709896,623,18.0,8.5,,,0.0,
20-VS-WN-BM250,VICTORIA'S SECRET WILD NEROLI BODY MIST 250ML,667559301752,1000+,18.0,8.5,,,0.0,
20-VS-WW-BM250,VICTORIA'S SECRET WHISPERING WAVES BODY MIST 250ML,667559066873,53,18.0,8.5,,,0.0,
20-VS-XO-BM250,VICTORIA'S SECRET XO VICTORIA  BODY MIST 250ML,667558717370,11,35.0,9.5,,,0.0,
20-YSL-LC-92974,YSL LASH CLASH MASCARA + MINI EYE PENCIL + TOP SECRET 8ML,3614274092974,700,30.0,13.5,,,0.0,
30-BYR-CP-10622,BYREDO COTTON POPLIN CANDLE 240G,7340032810622,7,70.0,37.95,,,0.0,
30-BYR-CP-16396,BYREDO COTTON POPLIN MINI CANDLE 70G,7340032816396,18,35.0,20.95,,,0.0,
30-BYR-SR-71807,BYREDO SUMMER RAIN CANDLE 240G,7340032871807,20,70.0,37.95,,,0.0,
30-BYR-TH-10684,BYREDO TREE HOUSE SCENTED CANDLE 240G,7340032810684,18,70.0,37.95,,,0.0,
30-VR-FB-56525-UK,VR FLOWERBOMB 165G,3614273666268,194,,18.5,,,0.0,
,,,,,,,,,
,,,,,,,,,
,,,,,,,,,
,,,,,,,,,
,,,,,,,,,
,,,,,,,,,
,,,,,,,,,
,,,,,,,,,
,,,,,,,,,
,,,,,,,,,
,,,,,,,,,
,,,,,,,,,
, ,,,,,,,,
